,Precio Bolsa Nacional ($/kWh) 2002,Unnamed: 1,Unnamed: 2,Unnamed: 3,Unnamed: 4,Unnamed: 5,Unnamed: 6,Unnamed: 7,Unnamed: 8,Unnamed: 9,Unnamed: 10,Unnamed: 11,Unnamed: 12,Unnamed: 13,Unnamed: 14,Unnamed: 15,Unnamed: 16,Unnamed: 17,Unnamed: 18,Unnamed: 19,Unnamed: 20,Unnamed: 21,Unnamed: 22,Unnamed: 23,Unnamed: 24
0,,,,,,,,,,,,,,,,,,,,,,,,,
1,Fecha,0.0,1.0,2.0,3.0,4.0,5.0,6.0,7.0,8.0,9.0,10.0,11.0,12.0,13.0,14.0,15.0,16.0,17.0,18.0,19.0,20.0,21.0,22.0,23.0
2,2002-01-01,33.441443,32.441443,32.441443,31.441443,31.441443,31.441443,31.141443,31.141443,31.141443,31.141443,31.141443,31.141443,31.441443,31.141443,31.141443,31.141443,31.141443,31.141443,33.441443,33.441443,33.441443,32.441443,32.441443,31.441443
3,2002-01-02,28.842443,28.842443,28.842443,28.842443,28.842443,28.842443,28.842443,28.842443,28.842443,28.851443,28.851443,28.974443,28.974443,28.974443,28.974443,28.851443,28.851443,28.851443,33.441443,33.441443,33.441443,32.441443,28.974443,28.842443
4,2002-01-03,28.842443,28.842443,28.842443,28.842443,28.842443,28.842443,28.842443,28.842443,28.851443,28.974443,28.974443,28.974443,28.974443,28.974443,28.974443,28.974443,28.974443,28.974443,33.441443,38.441443,33.441443,32.441443,28.974443,28.842443
5,2002-01-04,29.151443,29.151443,29.151443,28.851443,29.151443,29.151443,29.441443,29.441443,29.441443,29.441443,29.441443,29.441443,29.441443,29.441443,29.441443,29.441443,29.441443,29.441443,32.441443,38.441443,32.441443,31.441443,29.441443,29.441443
6,2002-01-05,30.441443,30.441443,30.441443,30.441443,30.441443,30.441443,30.441443,30.441443,30.441443,30.441443,30.441443,32.441443,32.441443,30.441443,30.441443,30.441443,30.441443,30.441443,33.441443,36.441443,33.441443,32.441443,32.441443,30.441443
7,2002-01-06,32.541443,32.541443,32.541443,32.541443,32.541443,32.541443,32.541443,32.541443,32.541443,32.541443,32.541443,32.541443,32.541443,32.541443,32.541443,32.541443,32.541443,32.541443,33.441443,33.441443,33.441443,33.441443,32.541443,32.541443
8,2002-01-07,34.441443,34.441443,33.941443,33.541443,33.941443,34.441443,33.941443,34.441443,34.441443,34.441443,34.441443,34.441443,34.441443,34.441443,34.441443,34.441443,34.441443,34.441443,35.409443,35.409443,35.409443,35.409443,34.441443,34.441443
9,2002-01-08,34.441443,34.440443,34.440443,34.440443,34.440443,34.441443,34.731443,34.731443,34.731443,34.731443,34.731443,34.731443,34.731443,34.731443,34.731443,34.731443,34.731443,35.441443,43.441443,43.441443,35.941443,35.441443,34.731443,34.731443
10,2002-01-09,34.440443,34.230443,34.230443,34.230443,34.230443,34.440443,34.441443,34.441443,34.441443,34.441443,35.441443,35.441443,35.441443,34.441443,34.441443,34.441443,34.441443,35.441443,43.441443,43.441443,36.441443,35.441443,34.441443,34.440443
11,2002-01-10,34.541443,34.541443,34.541443,34.541443,34.541443,34.541443,34.641443,34.641443,34.641443,34.641443,34.641443,34.941443,34.641443,34.641443,34.641443,34.641443,34.641443,34.941443,35.941443,36.441443,35.541443,34.941443,34.641443,34.541443
12,2002-01-11,34.591443,34.591443,34.591443,34.591443,34.591443,34.591443,34.631443,34.631443,35.441443,34.631443,35.441443,35.441443,35.441443,35.441443,35.441443,35.441443,35.441443,35.441443,35.641443,35.741443,35.641443,35.441443,35.441443,34.591443
13,2002-01-12,35.391443,35.391443,35.391443,35.391443,35.391443,35.391443,35.391443,35.441443,35.441443,35.441443,35.441443,36.241443,35.441443,35.441443,35.441443,35.441443,35.441443,35.441443,36.941443,36.941443,36.941443,36.941443,35.441443,35.391443
14,2002-01-13,36.941443,36.941443,36.441443,36.441443,36.441443,36.941443,36.941443,36.941443,36.941443,36.941443,36.941443,37.341443,36.941443,36.941443,36.941443,36.941443,36.941443,36.941443,39.441443,43.941443,39.441443,38.441443,37.341443,36.941443
15,2002-01-14,38.341443,38.341443,38.341443,38.341443,38.341443,38.341443,38.341443,38.341443,38.341443,38.341443,38.341443,38.441443,38.341443,38.341443,38.341443,38.341443,38.341443,38.341443,39.441443,41.941443,38.441443,38.441443,38.341443,38.341443
16,2002-01-15,38.440443,38.440443,38.440443,38.440443,38.440443,38.440443,38.441443,38.441443,39.441443,38.441443,39.441443,39.441443,38.441443,38.441443,38.441443,38.441443,38.441443,38.441443,43.441443,44.441443,43.441443,43.441443,38.441443,38.440443
17,2002-01-16,39.441443,39.441443,39.441443,39.441443,39.441443,40.441443,40.441443,40.441443,41.441443,40.441443,42.441443,42.441443,40.441443,41.441443,41.441443,41.441443,40.441443,40.441443,42.441443,42.441443,42.441443,42.441443,40.441443,40.441443
18,2002-01-17,37.441443,37.441443,36.441443,36.441443,37.441443,37.441443,39.441443,39.941443,41.331443,41.331443,41.441443,41.441443,41.331443,39.941443,39.441443,39.941443,39.941443,39.441443,41.441443,44.441443,41.441443,41.331443,39.441443,37.441443
19,2002-01-18,36.441443,36.441443,36.441443,36.441443,36.441443,36.441443,37.441443,37.941443,38.441443,38.441443,38.441443,39.441443,38.441443,38.441443,37.941443,38.441443,38.441443,38.441443,39.941443,40.941443,39.441443,39.441443,37.941443,36.441443
20,2002-01-19,37.441443,37.441443,37.441443,37.441443,37.441443,37.441443,38.191443,38.441443,38.441443,38.441443,38.441443,38.441443,38.441443,38.441443,38.441443,38.441443,38.441443,38.441443,38.941443,38.941443,38.941443,38.441443,38.441443,38.191443
21,2002-01-20,38.441443,38.441443,38.441443,38.441443,38.441443,38.441443,38.441443,38.441443,39.441443,39.441443,39.441443,40.941443,40.941443,38.441443,38.441443,38.441443,38.441443,38.441443,42.441443,43.441443,43.441443,42.441443,40.941443,38.441443
22,2002-01-21,37.441443,37.441443,37.441443,37.441443,37.441443,38.441443,39.441443,39.441443,40.441443,40.441443,41.441443,41.441443,41.441443,40.441443,39.441443,40.441443,39.441443,40.441443,45.541443,46.441443,45.541443,41.441443,39.441443,37.441443
23,2002-01-22,34.441443,34.441443,34.441443,34.441443,34.441443,40.441443,41.441443,42.441443,42.441443,42.441443,43.441443,43.441443,42.441443,42.441443,42.441443,42.441443,42.441443,42.441443,50.441443,53.441443,50.441443,42.441443,40.441443,34.441443
24,2002-01-23,35.941443,35.941443,35.941443,35.941443,35.941443,36.441443,42.441443,43.441443,43.441443,43.441443,43.441443,44.441443,43.441443,43.441443,43.441443,43.441443,43.441443,43.441443,55.441443,55.441443,55.441443,44.441443,42.441443,36.441443
25,2002-01-24,36.441443,36.441443,35.941443,36.441443,36.441443,46.441443,48.441443,48.441443,48.441443,49.441443,49.441443,49.441443,49.441443,49.441443,48.441443,48.441443,49.441443,48.441443,56.441443,56.441443,55.441443,49.441443,46.441443,36.441443
26,2002-01-25,43.441443,43.441443,42.441443,42.441443,43.441443,43.441443,54.441443,54.441443,54.441443,52.441443,54.441443,54.441443,52.441443,52.441443,52.441443,52.441443,52.441443,52.441443,56.441443,56.941443,56.441443,54.441443,43.441443,43.441443
27,2002-01-26,37.190443,37.190443,37.190443,37.190443,37.190443,37.190443,37.190443,37.190443,37.190443,37.190443,37.190443,39.650443,39.650443,37.190443,37.190443,37.190443,37.190443,37.190443,56.441443,56.441443,56.441443,42.441443,37.190443,37.190443
28,2002-01-27,40.450443,40.450443,40.450443,40.450443,40.450443,40.450443,40.450443,40.450443,40.450443,40.450443,40.450443,40.450443,40.450443,40.450443,40.450443,40.450443,40.450443,40.450443,56.441443,60.441443,59.941443,56.441443,42.441443,40.450443
29,2002-01-28,38.331443,38.331443,38.331443,38.331443,38.331443,42.441443,60.341443,60.341443,60.341443,60.341443,60.441443,60.441443,60.341443,60.341443,60.341443,60.341443,60.341443,60.341443,62.441443,73.441443,62.441443,60.341443,57.441443,38.331443
30,2002-01-29,37.373443,37.373443,37.373443,37.373443,37.373443,37.373443,38.441443,38.441443,39.622443,39.622443,56.441443,56.441443,38.441443,38.441443,38.441443,38.441443,38.441443,38.441443,58.441443,59.441443,58.441443,56.441443,38.441443,37.373443
31,2002-01-30,36.550443,36.550443,36.550443,36.550443,36.550443,40.441443,40.441443,40.441443,42.441443,40.441443,58.341443,58.341443,58.341443,40.441443,40.441443,40.441443,40.441443,40.441443,58.341443,61.441443,60.441443,58.341443,40.441443,36.550443
32,2002-01-31,37.441443,36.441443,36.441443,36.441443,37.441443,40.291443,42.441443,42.441443,42.441443,42.441443,42.441443,42.441443,42.441443,42.441443,42.441443,42.441443,42.441443,40.291443,61.441443,61.941443,61.441443,60.441443,40.291443,40.291443
33,2002-02-01,42.50505,42.50505,40.55505,40.55505,42.50505,42.50505,44.55505,44.55505,55.55505,44.55505,44.55505,55.55505,55.55505,44.55505,44.55505,44.55505,44.55505,44.55505,63.55505,64.55505,63.55505,62.55505,44.55505,42.50505
34,2002-02-02,44.55505,44.55505,44.55505,44.55505,44.55505,44.55505,48.41405,48.41405,48.41405,50.55505,48.41405,50.55505,50.55505,48.41405,48.41405,48.41405,48.41405,48.41405,62.55505,64.55505,63.55505,62.55505,48.41405,48.41405
35,2002-02-03,52.15205,52.15205,52.15205,52.15205,52.15205,52.15205,52.15205,52.15205,52.15205,52.15205,52.15205,52.15205,52.15205,52.15205,52.15205,52.15205,52.15205,52.15205,63.55505,70.55505,64.55505,62.55505,52.15205,52.15205
36,2002-02-04,52.15205,50.55505,50.55505,50.55505,52.15205,52.15205,52.15505,52.15505,52.15505,52.15505,62.55505,62.55505,52.15505,52.15505,52.15505,52.15505,52.15505,52.15505,70.55505,74.55505,62.55505,62.55505,52.15505,52.15205
37,2002-02-05,46.15205,46.15205,46.15205,46.15205,46.15205,50.55505,51.55505,51.55505,51.55505,51.55505,51.55505,51.55505,51.12305,50.55505,50.55505,51.55505,51.55505,51.55505,52.55505,64.80505,62.55505,52.55505,51.12305,46.15205
38,2002-02-06,49.55505,49.55505,49.55505,49.55505,49.55505,50.81105,51.05505,50.81105,51.05505,51.05505,51.05505,51.05505,51.05505,51.05505,51.05505,51.05505,51.05505,51.05505,51.55505,52.55505,52.55505,51.05505,50.81105,50.81105
39,2002-02-07,50.81105,50.81105,50.81105,50.81105,50.81105,51.12305,52.55505,52.55505,52.55505,52.55505,52.55505,54.55505,52.55505,52.55505,52.55505,52.55505,52.55505,52.55505,58.55505,60.55505,60.55505,54.55505,51.12305,50.81105
40,2002-02-08,52.55505,52.55505,52.55505,52.55505,52.55505,52.65505,52.65505,52.65505,52.65505,52.65505,52.65505,54.55505,52.65505,52.65505,52.65505,52.65505,52.65505,52.65505,55.55505,70.55505,55.55505,52.65505,52.65505,52.55505
41,2002-02-09,52.45505,52.45505,51.55505,51.55505,52.45505,52.45505,52.45505,52.45505,54.65505,54.65505,54.65505,54.65505,54.65505,54.65505,52.45505,52.45505,52.45505,52.45505,57.05505,70.55505,57.05505,54.65505,52.45505,52.45505
42,2002-02-10,52.45505,52.45505,52.45505,52.45505,52.45505,52.45505,52.45505,52.45505,54.65505,54.65505,54.65505,54.65505,54.65505,54.65505,54.65505,54.05505,54.05505,54.65505,57.05505,72.55505,72.55505,57.05505,54.65505,52.45505
43,2002-02-11,52.35505,52.35505,52.35505,52.35505,54.55505,54.55505,54.62505,54.55505,54.62505,54.62505,54.62505,54.62505,54.62505,54.62505,54.62505,54.62505,54.62505,54.62505,64.80505,75.55505,64.80505,54.62505,54.55505,54.55505
44,2002-02-12,50.55505,50.55505,50.55505,50.55505,50.55505,54.60505,54.65505,54.65505,54.65505,56.55505,55.55505,64.80505,54.65505,54.60505,54.60505,54.60505,54.60505,54.65505,64.80505,80.55505,78.55505,55.55505,54.60505,50.55505
45,2002-02-13,52.36905,52.36905,52.36905,52.36905,52.36905,54.60505,54.60505,54.60505,54.60505,54.60505,55.55505,55.55505,54.60505,54.60505,54.60505,54.60505,54.60505,54.60505,64.80505,80.55505,78.55505,54.60505,52.36905,52.36905
46,2002-02-14,48.65505,48.65505,48.65505,48.65505,48.65505,51.55505,52.35505,52.35505,52.35505,52.35505,52.35505,55.55505,52.35505,52.35505,52.35505,52.35505,52.35505,52.35505,60.55505,78.55505,60.55505,52.35505,51.55505,48.65505
47,2002-02-15,48.65505,48.65505,48.65505,48.65505,48.65505,50.45505,51.55505,51.55505,51.55505,51.55505,51.55505,51.55505,51.55505,51.55505,51.55505,51.55505,51.55505,51.55505,64.80505,71.55505,52.05505,51.55505,51.55505,48.65505
48,2002-02-16,50.45505,50.45505,50.45505,50.45505,50.45505,50.45505,50.45505,51.55505,51.55505,51.55505,51.55505,51.55505,51.55505,51.55505,51.55505,51.55505,51.55505,51.55505,51.55505,56.55505,56.55505,51.55505,51.55505,50.45505
49,2002-02-17,51.35505,49.55505,48.55505,48.55505,48.55505,48.55505,48.55505,51.35505,51.35505,51.35505,51.35505,51.35505,55.55505,55.55505,51.35505,51.35505,51.35505,51.35505,55.55505,56.55505,56.55505,55.55505,55.55505,49.55505
50,2002-02-18,48.55505,48.55505,48.55505,48.55505,49.55505,50.55505,50.55505,50.55505,50.55505,50.55505,50.55505,50.55505,50.55505,50.55505,50.55505,50.55505,50.55505,50.55505,65.50505,120.55505,80.55505,50.55505,50.55505,50.05505
51,2002-02-19,50.55505,50.55505,50.05505,50.05505,50.55505,53.55505,55.55505,55.55505,55.55505,55.55505,55.55505,55.55505,55.55505,53.55505,53.55505,53.55505,53.55505,53.55505,55.55505,80.55505,55.55505,53.55505,50.55505,50.55505
52,2002-02-20,49.45505,49.45505,49.45505,49.45505,49.45505,49.55505,49.55505,49.55505,49.55505,49.55505,53.55505,53.55505,50.55505,49.55505,49.55505,49.55505,49.55505,49.55505,53.55505,89.55505,53.55505,50.55505,49.55505,49.55505
53,2002-02-21,49.55505,49.45505,49.45505,49.45505,49.55505,49.55505,51.55505,63.55505,51.55505,51.55505,63.55505,63.55505,51.55505,51.55505,51.55505,51.55505,63.55505,51.55505,68.50505,120.55505,68.50505,63.55505,49.55505,49.55505
54,2002-02-22,48.55505,48.55505,48.55505,48.55505,48.55505,49.55505,49.55505,49.55505,54.58405,49.55505,54.58405,65.55505,54.58405,49.55505,49.55505,49.55505,49.55505,49.55505,98.55505,98.55505,98.55505,65.55505,49.55505,49.55505
55,2002-02-23,53.55505,53.55505,53.55505,53.55505,53.55505,53.55505,53.55505,70.50505,70.55505,98.45505,98.45505,98.45505,98.45505,70.55505,70.50505,70.50505,54.58405,70.50505,98.45505,119.04605,117.55505,98.45505,70.55505,53.55505
56,2002-02-24,50.05505,50.05505,49.55605,49.55605,49.55605,49.55605,50.05505,50.05505,50.05505,50.05505,50.05505,50.05505,50.05505,50.05505,50.05505,50.05505,50.05505,50.05505,98.45505,115.55505,98.45505,98.45505,50.05505,50.05505
57,2002-02-25,49.45505,49.45505,49.45505,49.45505,49.45505,49.55505,65.55505,51.15505,65.55505,65.55505,65.55505,65.55505,65.55505,65.55505,65.55505,51.15505,65.55505,65.55505,96.55505,117.55505,96.55505,65.55505,51.15505,49.45505
58,2002-02-26,49.50505,49.50505,49.50505,49.50505,49.50505,51.65505,51.65505,51.65505,51.65505,51.65505,60.84905,60.84905,51.76405,51.65505,51.65505,51.65505,51.65505,51.65505,96.55505,117.55505,96.55505,60.84905,51.65505,49.50505
59,2002-02-27,48.05505,48.05505,48.05505,48.05505,48.05505,52.05505,60.84905,52.05505,60.84905,52.05505,52.05505,60.84905,60.84905,52.05505,52.05505,52.05505,52.05505,60.84905,96.55505,117.55505,96.55505,60.84905,52.05505,48.05505
60,2002-02-28,52.45505,52.45505,52.45505,52.45505,52.45505,71.50505,90.14905,90.14905,114.55505,90.14905,90.14905,114.55505,114.55505,90.14905,90.14905,90.14905,114.55505,90.14905,117.55505,118.55505,118.55505,114.55505,90.14905,52.45505
61,2002-03-01,41.565489,41.565489,41.565489,41.565489,41.565489,51.565489,51.565489,51.565489,51.565489,51.565489,51.565489,51.565489,51.565489,51.565489,51.565489,51.565489,51.565489,51.565489,61.625489,79.565489,61.625489,51.565489,51.565489,41.565489
62,2002-03-02,52.065489,44.566489,43.565489,43.565489,44.566489,52.065489,52.065489,52.065489,60.565489,60.565489,60.565489,60.565489,60.565489,52.065489,52.065489,52.065489,52.065489,52.065489,60.565489,61.625489,61.625489,60.565489,52.065489,52.065489
63,2002-03-03,52.365489,43.565489,43.565489,43.565489,42.565489,43.565489,43.565489,52.365489,52.365489,52.365489,52.365489,52.365489,52.365489,52.365489,52.365489,52.365489,52.365489,52.365489,79.565489,98.565489,89.159489,79.565489,52.365489,52.365489
64,2002-03-04,41.565489,41.565489,41.565489,41.565489,41.565489,52.565489,52.565489,52.565489,52.565489,52.565489,52.565489,52.565489,52.565489,52.565489,52.565489,52.565489,52.565489,52.565489,61.625489,79.565489,61.625489,52.565489,43.565489,41.565489
65,2002-03-05,52.565489,43.565489,43.565489,43.565489,52.565489,52.565489,70.515489,61.625489,70.515489,72.065489,72.065489,72.065489,72.065489,72.065489,72.065489,72.065489,72.065489,72.065489,79.565489,138.547489,79.565489,72.065489,52.565489,52.565489
66,2002-03-06,43.565489,42.565489,42.565489,42.565489,43.565489,53.065489,53.065489,53.065489,59.565489,59.565489,53.065489,59.565489,53.065489,53.065489,53.065489,53.065489,53.065489,53.065489,61.625489,64.565489,59.565489,59.565489,53.065489,44.567489
67,2002-03-07,42.565489,42.565489,42.565489,42.565489,42.565489,53.565489,53.565489,53.565489,53.565489,53.565489,53.565489,53.565489,53.565489,53.565489,53.565489,53.565489,53.565489,53.565489,57.565489,79.565489,57.565489,53.565489,43.565489,42.565489
68,2002-03-08,39.565489,39.565489,39.565489,39.565489,39.665489,42.565489,42.565489,42.565489,42.565489,42.565489,42.565489,43.565489,42.565489,42.565489,42.565489,42.565489,42.565489,42.565489,70.515489,88.020489,57.565489,57.565489,42.565489,42.565489
69,2002-03-09,42.565489,42.565489,42.565489,42.565489,42.565489,42.565489,42.565489,43.565489,56.565489,56.565489,56.565489,56.565489,56.565489,56.565489,43.565489,42.565489,43.565489,43.565489,59.565489,79.565489,59.565489,56.565489,56.565489,42.565489
70,2002-03-10,40.566489,40.566489,40.065489,40.065489,40.065489,40.566489,40.566489,40.566489,40.566489,40.566489,40.566489,40.566489,40.566489,40.566489,40.566489,40.566489,40.566489,40.566489,41.065489,79.565489,59.565489,41.065489,40.566489,40.566489
71,2002-03-11,40.566489,40.566489,40.566489,40.566489,40.566489,41.565489,41.565489,41.565489,43.565489,60.565489,60.565489,64.565489,60.565489,43.565489,43.565489,43.565489,43.565489,60.565489,65.565489,69.565489,65.565489,60.565489,41.565489,41.565489
72,2002-03-12,41.565489,41.565489,41.565489,41.565489,41.565489,42.565489,54.565489,54.565489,55.565489,55.565489,55.565489,55.565489,55.565489,54.565489,54.565489,54.565489,55.565489,55.565489,59.565489,62.565489,59.565489,55.565489,42.565489,42.565489
73,2002-03-13,44.565489,44.565489,44.565489,44.565489,44.565489,44.565489,46.565489,46.565489,46.565489,46.565489,46.565489,46.565489,46.565489,46.565489,46.565489,46.565489,46.565489,46.565489,62.565489,67.565489,62.565489,56.565489,46.565489,44.565489
74,2002-03-14,40.566489,40.566489,39.665489,40.065489,39.665489,49.565489,49.565489,49.565489,49.565489,49.565489,49.565489,57.565489,49.565489,49.565489,49.565489,49.565489,49.565489,57.565489,62.565489,79.565489,62.565489,57.565489,49.565489,40.566489
75,2002-03-15,60.824489,60.824489,60.824489,60.824489,60.824489,60.824489,68.565489,68.565489,73.465489,79.565489,79.565489,79.565489,79.565489,73.465489,73.465489,73.465489,73.465489,73.465489,79.565489,79.565489,73.465489,73.465489,60.824489,60.824489
76,2002-03-16,60.824489,60.824489,59.565489,59.565489,59.565489,60.824489,60.824489,60.824489,63.565489,63.565489,73.465489,79.565489,73.465489,60.824489,60.824489,60.824489,60.824489,60.824489,79.565489,87.565489,79.565489,60.824489,60.824489,34.565489
77,2002-03-17,33.565489,39.665489,58.224489,58.224489,58.224489,58.224489,58.224489,58.224489,59.565489,59.565489,59.565489,59.565489,61.565489,59.565489,59.565489,59.565489,59.565489,59.565489,61.565489,80.065489,79.565489,61.565489,59.565489,58.224489
78,2002-03-18,54.574489,43.565489,43.565489,43.565489,54.574489,54.574489,59.565489,59.565489,73.465489,73.465489,76.565489,76.565489,73.465489,63.565489,73.465489,73.465489,73.465489,59.565489,87.565489,89.565489,87.565489,73.465489,54.574489,54.574489
79,2002-03-19,54.574489,54.574489,54.574489,54.574489,54.574489,55.065489,55.065489,55.065489,55.065489,55.065489,61.585489,61.585489,55.065489,55.065489,61.585489,55.065489,55.065489,61.585489,73.465489,88.565489,61.585489,61.585489,54.574489,54.574489
80,2002-03-20,54.065489,54.065489,54.065489,54.065489,54.065489,59.165489,59.165489,59.165489,59.165489,59.165489,59.165489,67.684489,59.165489,59.165489,59.165489,59.165489,59.165489,59.165489,88.465489,88.565489,73.465489,59.165489,59.165489,54.065489
81,2002-03-21,53.565489,53.565489,53.565489,53.565489,53.565489,62.665489,62.665489,62.665489,62.665489,62.665489,62.665489,62.665489,62.665489,62.665489,62.665489,62.665489,62.665489,62.665489,73.564489,87.565489,75.465489,62.665489,62.665489,53.565489
82,2002-03-22,44.565489,44.565489,44.565489,44.565489,44.565489,44.565489,66.565489,66.565489,66.565489,66.565489,66.565489,66.565489,66.565489,66.565489,66.565489,66.565489,66.565489,66.565489,75.465489,77.565489,66.565489,66.565489,49.565489,44.565489
83,2002-03-23,39.565489,39.565489,39.565489,39.565489,39.565489,39.565489,43.565489,67.565489,67.565489,67.565489,67.565489,67.565489,67.565489,67.565489,67.565489,67.565489,67.565489,67.565489,67.565489,88.565489,67.565489,67.565489,67.565489,39.665489
84,2002-03-24,43.565489,34.565489,34.565489,34.565489,34.565489,34.565489,34.565489,34.565489,43.565489,43.565489,43.565489,43.565489,43.565489,43.565489,34.565489,34.565489,34.565489,39.665489,67.565489,67.565489,67.565489,67.565489,62.565489,34.565489
85,2002-03-25,31.766489,31.766489,31.766489,31.766489,31.766489,31.766489,31.766489,31.766489,34.565489,55.565489,55.565489,55.565489,55.565489,55.565489,43.565489,43.565489,43.565489,43.565489,55.565489,72.565489,55.565489,55.565489,55.565489,31.766489
86,2002-03-26,33.565489,33.565489,33.565489,33.565489,33.565489,33.565489,33.565489,36.065489,36.065489,36.065489,36.065489,56.565489,43.565489,36.065489,36.065489,36.065489,36.065489,36.065489,72.565489,75.465489,69.565489,56.565489,36.065489,33.565489
87,2002-03-27,31.766489,31.766489,31.766489,31.766489,31.766489,33.565489,33.565489,33.565489,33.565489,33.565489,33.565489,35.565489,33.565489,33.565489,33.565489,33.565489,33.565489,33.565489,51.565489,72.565489,42.565489,35.565489,33.565489,31.766489
88,2002-03-28,33.565489,30.865489,30.865489,30.865489,30.865489,30.865489,30.865489,33.565489,33.565489,33.565489,33.565489,33.565489,33.565489,33.565489,33.565489,33.565489,33.565489,33.565489,55.565489,59.565489,55.565489,55.565489,33.565489,33.565489
89,2002-03-29,31.565489,31.565489,31.565489,31.565489,31.565489,31.565489,31.565489,31.565489,31.565489,35.565489,31.565489,35.565489,35.565489,31.565489,31.565489,31.565489,31.565489,31.565489,55.565489,69.565489,59.565489,55.565489,35.565489,31.565489
90,2002-03-30,56.565489,56.565489,56.565489,56.565489,56.565489,56.565489,56.565489,56.565489,56.565489,56.565489,56.565489,59.565489,59.565489,56.565489,56.565489,56.565489,56.565489,56.565489,75.065489,75.465489,75.065489,75.065489,56.565489,56.565489
91,2002-03-31,37.565489,37.565489,37.565489,37.565489,37.565489,37.565489,37.565489,37.565489,59.565489,60.565489,60.565489,60.565489,60.565489,60.565489,59.565489,54.565489,54.565489,59.565489,60.565489,77.565489,74.965489,74.566489,59.565489,37.565489
92,2002-04-01,53.580682,53.580682,33.580682,53.580682,53.580682,54.580682,54.580682,59.580682,60.080682,60.080682,60.080682,60.080682,60.080682,60.080682,60.080682,60.080682,60.080682,60.080682,72.280682,77.580682,60.080682,60.080682,59.580682,54.580682
93,2002-04-02,33.680682,33.680682,33.680682,33.680682,33.680682,59.580682,71.580682,71.580682,71.580682,71.580682,71.580682,71.580682,71.580682,71.580682,71.580682,71.580682,71.580682,71.580682,75.480682,81.580682,71.580682,71.580682,69.580682,58.580682
94,2002-04-03,39.580682,39.580682,39.580682,39.580682,39.580682,60.580682,64.580682,60.580682,64.580682,64.580682,64.580682,64.580682,64.580682,64.580682,64.580682,64.580682,64.580682,64.580682,82.580682,92.080682,81.580682,64.580682,60.580682,49.080682
95,2002-04-04,40.580682,40.580682,40.580682,40.580682,40.580682,63.580682,63.580682,63.580682,63.580682,63.580682,69.580682,69.580682,63.580682,63.580682,63.580682,63.580682,63.580682,63.580682,86.580682,102.580682,86.580682,75.480682,40.580682,40.580682
96,2002-04-05,37.580682,37.580682,37.580682,37.580682,37.580682,59.580682,63.080682,63.080682,63.080682,63.580682,63.580682,63.580682,63.080682,63.080682,63.080682,63.080682,63.080682,63.580682,86.580682,86.580682,63.580682,63.580682,63.080682,44.580682
97,2002-04-06,43.580682,43.580682,43.580682,43.580682,43.580682,43.580682,58.580682,58.580682,58.580682,58.580682,58.580682,58.580682,58.580682,58.580682,58.580682,58.580682,58.580682,58.580682,64.580682,64.580682,64.580682,58.580682,58.580682,43.580682
98,2002-04-07,43.580682,43.580682,43.580682,43.580682,43.580682,43.580682,43.580682,43.580682,54.580682,54.580682,54.580682,58.580682,58.580682,54.580682,54.580682,43.580682,43.580682,54.580682,58.580682,64.580682,58.580682,58.580682,54.580682,43.580682
99,2002-04-08,32.782682,32.782682,32.781682,32.781682,32.781682,37.580682,43.580682,43.580682,43.580682,43.580682,43.580682,43.580682,43.580682,43.580682,43.580682,43.580682,43.580682,43.580682,74.580682,74.580682,54.580682,43.580682,43.580682,37.580682
100,2002-04-09,29.196682,29.196682,28.580682,29.196682,29.196682,29.580682,32.780682,32.781682,32.782682,29.580682,32.781682,32.782682,32.781682,32.781682,32.782682,32.780682,29.580682,32.780682,74.580682,74.580682,74.480682,32.782682,29.580682,29.196682
101,2002-04-10,27.880682,27.880682,27.880682,27.880682,27.880682,27.880682,32.780682,27.880682,32.782682,32.782682,32.782682,32.782682,32.782682,27.880682,27.880682,29.480682,27.880682,32.782682,86.580682,86.580682,84.885682,32.782682,27.880682,27.880682
102,2002-04-11,29.280682,29.280682,29.080682,29.280682,29.080682,32.782682,52.580682,52.580682,52.580682,52.580682,53.580682,53.580682,52.580682,52.580682,52.580682,53.580682,53.580682,53.580682,53.580682,75.480682,53.580682,53.580682,52.580682,29.280682
103,2002-04-12,29.280682,29.080682,29.080682,29.080682,29.080682,52.530682,52.580682,52.580682,52.580682,52.580682,53.580682,53.580682,52.580682,52.580682,52.580682,52.580682,52.580682,52.580682,53.580682,53.580682,53.580682,53.580682,52.530682,29.280682
104,2002-04-13,29.080682,29.080682,29.080682,29.080682,29.080682,29.280682,29.280682,49.580682,49.580682,50.530682,50.530682,50.530682,50.530682,49.580682,49.580682,32.580682,49.580682,49.580682,53.580682,53.580682,53.580682,53.580682,49.580682,29.280682
105,2002-04-14,29.580682,29.580682,29.580682,29.580682,29.580682,29.580682,29.580682,29.580682,31.580682,31.580682,31.580682,31.580682,47.580682,31.580682,31.580682,31.580682,31.580682,31.580682,53.580682,56.580682,53.580682,53.580682,47.580682,29.580682
106,2002-04-15,29.196682,29.196682,29.196682,29.196682,29.196682,49.580682,53.580682,53.580682,53.580682,53.580682,53.580682,53.580682,53.580682,53.580682,53.580682,53.580682,53.580682,53.580682,56.580682,72.580682,53.580682,53.580682,49.580682,29.196682
107,2002-04-16,29.196682,29.196682,29.196682,29.196682,29.196682,53.580682,53.580682,53.580682,53.580682,53.580682,53.580682,72.480682,53.580682,53.580682,53.580682,53.580682,53.580682,53.580682,84.880682,89.580682,72.480682,53.580682,53.580682,29.196682
108,2002-04-17,29.196682,29.196682,29.196682,29.196682,29.196682,64.580682,64.580682,64.580682,64.580682,64.580682,72.480682,72.480682,64.580682,64.580682,64.580682,64.580682,64.580682,64.580682,84.880682,84.885682,72.480682,64.580682,52.580682,29.196682
109,2002-04-18,33.580682,33.580682,29.196682,29.196682,37.580682,56.580682,59.580682,59.580682,59.580682,59.580682,59.580682,59.580682,59.580682,59.580682,59.580682,59.580682,59.580682,59.580682,81.580682,81.580682,59.580682,59.580682,37.580682,29.196682
110,2002-04-19,27.580682,27.580682,27.580682,27.580682,27.580682,47.580682,58.580682,58.580682,59.580682,58.580682,59.580682,59.580682,59.580682,59.580682,59.580682,59.580682,59.580682,59.580682,64.530682,79.380682,62.580682,59.580682,47.580682,27.580682
111,2002-04-20,33.580682,26.777682,26.777682,26.777682,26.777682,47.580682,47.580682,56.580682,56.580682,56.580682,56.580682,56.580682,59.580682,56.580682,56.580682,56.580682,56.580682,56.580682,74.580682,74.580682,61.580682,61.580682,56.580682,47.580682
112,2002-04-21,27.580682,27.580682,27.580682,27.580682,27.580682,27.580682,27.580682,27.580682,44.580682,44.580682,44.580682,44.580682,44.580682,44.580682,33.580682,27.580682,27.580682,44.580682,47.580682,64.580682,64.580682,59.580682,44.580682,27.580682
113,2002-04-22,27.580682,27.580682,27.580682,27.580682,27.580682,37.580682,57.580682,57.580682,57.580682,57.580682,59.580682,59.580682,59.580682,57.580682,57.580682,57.580682,57.580682,57.580682,74.580682,74.580682,74.580682,69.580682,57.580682,27.580682
114,2002-04-23,27.580682,27.580682,26.777682,26.777682,32.580682,54.580682,55.580682,55.580682,55.580682,55.580682,57.580682,57.580682,55.580682,55.580682,55.580682,55.580682,55.580682,57.580682,59.580682,63.830682,57.580682,57.580682,54.580682,32.580682
115,2002-04-24,37.580682,33.580682,33.580682,33.580682,37.580682,53.580682,54.580682,57.580682,57.580682,57.580682,57.580682,57.580682,57.580682,57.580682,57.580682,57.580682,57.580682,59.580682,74.580682,74.580682,59.580682,57.580682,53.580682,37.580682
116,2002-04-25,37.580682,26.777682,33.580682,26.777682,37.580682,44.580682,49.580682,49.580682,49.580682,51.580682,51.580682,51.580682,49.580682,49.580682,44.580682,49.580682,49.580682,51.580682,59.580682,59.580682,52.580682,51.580682,44.580682,37.580682
117,2002-04-26,35.580682,35.580682,35.580682,35.580682,35.580682,37.580682,43.580682,44.580682,44.580682,44.580682,44.580682,44.580682,44.580682,44.580682,44.580682,44.580682,44.580682,44.580682,73.580682,73.580682,59.580682,50.580682,38.580682,35.580682
118,2002-04-27,34.580682,34.580682,34.580682,34.580682,34.580682,34.580682,35.580682,35.580682,35.580682,35.580682,35.580682,37.580682,37.580682,35.580682,35.580682,35.580682,35.580682,35.580682,43.580682,44.580682,43.580682,37.580682,35.580682,35.580682
119,2002-04-28,32.579682,32.579682,32.579682,32.579682,32.579682,32.579682,32.579682,32.579682,34.580682,34.580682,34.580682,34.580682,34.580682,34.580682,34.580682,32.579682,32.579682,34.580682,37.580682,44.580682,38.580682,37.580682,34.580682,32.579682
120,2002-04-29,26.777682,26.777682,26.777682,26.777682,26.777682,32.080682,43.580682,44.580682,44.580682,44.580682,44.580682,45.580682,44.580682,44.580682,44.580682,44.580682,44.580682,45.580682,58.580682,59.480682,58.580682,45.580682,43.580682,32.080682
121,2002-04-30,31.580682,31.580682,31.580682,31.580682,31.580682,37.580682,39.580682,39.580682,45.580682,45.580682,45.580682,45.580682,43.580682,39.580682,43.580682,43.580682,45.580682,45.580682,58.580682,59.480682,58.580682,45.580682,39.580682,31.580682
122,2002-05-01,39.183547,39.183547,39.183547,39.183547,39.183547,39.183547,39.183547,39.183547,39.183547,39.183547,39.183547,39.183547,42.183547,39.183547,39.183547,39.183547,39.183547,39.183547,46.183547,46.183547,46.183547,45.183547,39.183547,39.183547
123,2002-05-02,32.183547,32.183547,32.183547,32.183547,32.183547,37.683547,38.183547,38.183547,38.183547,38.183547,42.183547,44.183547,42.183547,38.183547,42.183547,38.183547,38.183547,42.183547,55.183547,60.083547,55.183547,44.183547,38.183547,37.683547
124,2002-05-03,30.183547,30.183547,30.183547,30.183547,30.183547,36.683547,37.183547,37.183547,37.283547,37.183547,37.283547,37.283547,37.283547,37.183547,37.183547,37.183547,37.183547,37.283547,45.182547,46.183547,45.182547,45.182547,37.183547,36.183547
125,2002-05-04,36.183547,30.183547,30.183547,30.183547,30.183547,36.183547,36.183547,36.683547,37.283547,37.283547,37.283547,39.683547,39.683547,37.283547,37.283547,36.683547,36.683547,36.683547,39.683547,58.683547,39.683547,39.683547,37.283547,36.183547
126,2002-05-05,35.183547,35.183547,35.183547,35.183547,35.183547,35.183547,35.183547,35.183547,36.183547,36.183547,36.183547,36.183547,36.183547,36.183547,36.183547,35.183547,35.183547,35.183547,37.283547,39.683547,39.683547,37.283547,36.183547,35.183547
127,2002-05-06,29.283547,29.283547,29.283547,29.283547,34.183547,35.183547,35.183547,35.183547,37.283547,35.183547,37.283547,37.283547,37.283547,37.283547,37.283547,37.283547,37.283547,37.283547,59.183547,66.183547,49.183547,49.183547,35.183547,35.183547
128,2002-05-07,32.183547,31.683547,31.683547,31.683547,34.283547,34.283547,47.683547,47.683547,48.183547,48.183547,48.183547,48.183547,48.183547,47.683547,48.183547,47.683547,48.183547,48.183547,60.183547,66.083547,53.183547,51.183547,47.683547,34.283547
129,2002-05-08,31.792547,31.792547,31.792547,31.792547,31.792547,50.183547,52.183547,52.183547,53.183547,53.183547,53.183547,53.183547,53.183547,52.183547,53.183547,52.183547,53.183547,53.183547,55.183547,60.183547,55.183547,55.183547,52.183547,31.792547
130,2002-05-09,35.183547,35.183547,35.183547,35.183547,35.183547,48.183547,50.183547,50.183547,52.083547,52.083547,52.083547,52.083547,52.083547,52.083547,52.083547,50.183547,52.083547,52.083547,52.083547,55.083547,52.083547,52.083547,49.183547,35.183547
131,2002-05-10,35.483547,33.083547,33.083547,33.083547,35.483547,42.183547,42.183547,42.183547,42.183547,42.183547,48.083547,48.083547,42.183547,42.183547,42.183547,42.183547,42.183547,48.083547,48.183547,50.183547,48.183547,48.083547,42.183547,35.483547
132,2002-05-11,30.184547,30.184547,30.184547,30.184547,30.184547,30.184547,33.083547,33.083547,33.083547,33.083547,33.083547,33.083547,33.083547,33.083547,33.083547,33.083547,33.083547,33.083547,57.183547,57.183547,57.183547,48.083547,33.083547,30.184547
133,2002-05-12,33.083547,33.083547,33.083547,33.083547,33.083547,33.083547,33.083547,33.083547,37.683547,37.683547,37.683547,37.683547,37.683547,37.683547,33.083547,33.083547,33.083547,33.083547,54.183547,55.183547,55.183547,54.183547,37.683547,33.083547
134,2002-05-13,33.083547,33.083547,33.083547,33.083547,33.083547,33.083547,33.083547,33.083547,49.183547,49.183547,49.683547,49.683547,49.683547,49.683547,49.183547,33.183547,33.183547,49.183547,53.083547,56.183547,53.083547,50.183547,49.683547,33.083547
135,2002-05-14,33.183547,31.683547,31.683547,31.683547,39.883547,39.883547,39.883547,45.183547,47.683547,47.683547,47.683547,47.683547,47.683547,47.683547,47.683547,47.683547,47.683547,47.683547,53.083547,55.183547,53.083547,48.183547,45.183547,39.883547
136,2002-05-15,38.183547,30.183547,30.183547,29.183547,40.183547,41.883547,41.883547,41.883547,44.183547,44.183547,44.183547,44.183547,41.883547,41.883547,41.883547,41.883547,41.883547,44.183547,47.983547,53.183547,45.183547,44.183547,41.883547,40.183547
137,2002-05-16,39.183547,36.183547,36.183547,36.183547,38.183547,40.183547,41.883547,41.883547,41.883547,41.883547,41.883547,41.883547,41.883547,41.883547,41.883547,41.883547,41.883547,41.883547,56.183547,72.183547,56.183547,44.183547,41.883547,40.183547
138,2002-05-17,38.683547,38.183547,38.183547,38.183547,38.683547,38.683547,38.683547,39.183547,39.183547,40.183547,40.183547,40.183547,40.183547,40.183547,40.183547,40.183547,40.183547,40.183547,56.183547,56.183547,40.183547,40.183547,38.683547,38.683547
139,2002-05-18,39.083547,39.083547,39.083547,39.083547,39.083547,39.083547,39.083547,39.183547,40.183547,50.183547,40.183547,50.183547,50.183547,40.183547,39.183547,39.183547,39.183547,39.183547,50.183547,52.183547,50.183547,50.183547,39.183547,39.083547
140,2002-05-19,39.183547,39.183547,39.183547,38.183547,38.183547,38.183547,39.183547,39.183547,39.183547,40.183547,40.183547,40.183547,41.183547,40.183547,39.183547,39.183547,39.183547,40.183547,41.183547,47.183547,46.183547,41.183547,41.183547,40.183547
141,2002-05-20,38.183547,28.383547,28.383547,28.383547,39.183547,41.183547,41.183547,41.183547,41.183547,41.183547,46.183547,47.083547,41.183547,41.183547,41.183547,41.183547,46.183547,46.183547,59.183547,59.183547,59.183547,47.083547,41.183547,40.183547
142,2002-05-21,36.183547,36.183547,36.183547,36.183547,39.193547,39.193547,39.683547,39.683547,39.683547,40.083547,40.083547,40.183547,40.083547,39.683547,40.083547,40.083547,40.083547,40.083547,45.183547,60.183547,45.183547,40.183547,39.683547,39.193547
143,2002-05-22,34.183547,34.183547,34.183547,34.183547,34.183547,39.583547,39.633547,39.633547,39.933547,39.633547,39.933547,39.933547,39.633547,39.633547,39.633547,39.633547,39.933547,39.933547,39.933547,45.183547,39.933547,39.933547,39.583547,35.183547
144,2002-05-23,31.183547,31.183547,31.183547,31.183547,31.683547,34.183547,34.683547,34.683547,34.683547,34.683547,34.683547,34.683547,34.683547,34.683547,34.683547,34.683547,34.683547,34.683547,36.683547,39.183547,36.183547,34.683547,34.683547,31.683547
145,2002-05-24,29.183547,28.183547,28.183547,28.183547,28.183547,31.383547,31.383547,31.383547,33.183547,33.183547,33.183547,33.183547,33.183547,33.183547,33.183547,33.183547,33.183547,33.183547,36.083547,36.083547,35.183547,33.183547,31.383547,30.183547
146,2002-05-25,31.383547,31.383547,31.383547,31.383547,31.383547,31.383547,31.384547,31.384547,32.683547,32.683547,33.183547,33.183547,33.183547,32.683547,31.384547,31.384547,31.384547,32.683547,35.183547,48.183547,35.183547,33.183547,31.384547,31.383547
147,2002-05-26,29.183547,27.183547,27.183547,27.183547,27.183547,27.183547,29.183547,30.183547,32.683547,32.683547,32.683547,32.683547,33.183547,33.183547,32.683547,30.183547,32.683547,33.183547,40.683547,40.683547,40.683547,35.183547,33.183547,30.183547
148,2002-05-27,29.183547,29.183547,27.183547,27.183547,30.183547,32.183547,32.183547,32.183547,32.183547,32.183547,32.283547,32.283547,32.283547,32.183547,32.183547,32.183547,32.283547,32.283547,40.183547,49.183547,40.183547,37.183547,32.183547,32.183547
149,2002-05-28,30.183547,30.183547,30.183547,30.183547,30.183547,32.283547,35.183547,35.183547,35.183547,35.183547,37.183547,37.183547,35.183547,35.183547,35.183547,35.183547,35.183547,35.183547,50.183547,61.183547,50.183547,37.183547,35.183547,30.183547
150,2002-05-29,38.182547,35.183547,35.183547,35.183547,38.182547,43.183547,43.183547,43.183547,43.183547,43.183547,43.183547,43.183547,43.183547,43.183547,43.183547,43.183547,43.183547,43.183547,45.183547,50.183547,45.183547,43.183547,43.183547,38.182547
151,2002-05-30,34.192547,34.192547,34.192547,34.192547,34.192547,37.983547,38.182547,38.182547,38.182547,38.182547,38.182547,38.182547,38.182547,38.182547,38.182547,38.182547,38.182547,38.182547,49.183547,50.083547,49.183547,44.183547,38.182547,37.983547
152,2002-05-31,34.174547,34.174547,34.174547,34.174547,34.174547,34.683547,37.683547,37.683547,37.883547,37.883547,37.883547,37.883547,37.883547,37.883547,37.883547,37.883547,37.883547,37.683547,38.182547,38.182547,38.182547,38.182547,37.683547,34.683547
153,2002-06-01,29.255658,29.255658,29.255658,29.255658,29.255658,29.255658,30.772658,33.845658,33.845658,33.845658,33.845658,33.845658,33.845658,33.845658,33.755658,33.755658,33.755658,33.845658,37.755658,38.255658,37.755658,37.755658,33.845658,30.772658
154,2002-06-02,33.804658,33.804658,33.755658,33.755658,33.755658,33.755658,33.755658,33.804658,33.804658,33.804658,33.804658,33.804658,33.804658,33.804658,33.804658,33.804658,33.804658,33.804658,35.755658,38.255658,36.755658,36.755658,33.804658,33.804658
155,2002-06-03,31.498658,30.855658,30.855658,30.855658,30.855658,30.855658,30.855658,31.498658,31.498658,33.655658,33.655658,33.655658,33.655658,33.655658,31.498658,31.498658,31.498658,33.655658,35.655658,38.255658,38.255658,33.755658,31.498658,31.498658
156,2002-06-04,28.961658,28.961658,28.961658,28.961658,29.755658,31.498658,33.655658,33.655658,33.755658,33.755658,33.755658,33.755658,33.755658,33.655658,33.755658,33.655658,33.655658,33.755658,40.755658,40.755658,40.755658,33.755658,33.655658,31.498658
157,2002-06-05,29.755658,28.962658,28.962658,28.962658,30.755658,37.755658,37.755658,37.755658,37.755658,37.755658,37.755658,38.255658,37.755658,37.755658,37.755658,37.755658,37.755658,38.255658,65.655658,65.655658,38.255658,38.255658,37.755658,32.755658
158,2002-06-06,31.755658,31.755658,31.755658,31.755658,35.119658,35.119658,37.755658,37.755658,37.755658,37.755658,37.755658,37.755658,37.755658,37.755658,37.755658,37.755658,37.755658,37.755658,38.255658,65.655658,38.255658,37.755658,35.755658,35.119658
159,2002-06-07,28.962658,28.962658,28.962658,28.962658,28.962658,31.755658,32.255658,32.255658,32.255658,32.255658,32.255658,32.255658,32.255658,32.255658,32.255658,32.255658,32.255658,32.255658,32.755658,43.755658,32.755658,32.255658,32.255658,29.755658
160,2002-06-08,29.855658,29.855658,29.855658,29.855658,29.855658,30.755658,30.755658,31.753658,31.754658,31.755658,31.755658,31.755658,31.755658,31.754658,31.754658,31.754658,31.753658,31.754658,33.755658,40.755658,33.755658,31.755658,31.754658,30.755658
161,2002-06-09,31.451658,31.451658,31.451658,31.451658,31.451658,31.451658,31.451658,31.452658,31.855658,31.855658,31.855658,31.855658,31.855658,31.855658,31.855658,31.855658,31.855658,31.855658,32.605658,33.755658,32.605658,32.605658,31.855658,31.452658
162,2002-06-10,31.856658,31.856658,31.498658,31.498658,31.856658,31.856658,31.856658,31.856658,31.856658,31.856658,31.856658,32.595658,32.605658,31.856658,31.856658,31.856658,31.856658,31.856658,40.755658,40.755658,40.755658,33.755658,31.856658,31.856658
163,2002-06-11,32.405658,32.405658,32.405658,32.405658,32.405658,32.605658,32.755658,32.755658,32.755658,32.855658,37.055658,37.055658,37.055658,32.855658,32.855658,32.755658,32.755658,32.855658,50.755658,70.755658,50.755658,37.055658,32.755658,32.605658
164,2002-06-12,32.257658,32.257658,32.257658,32.257658,32.257658,32.605658,33.755658,33.755658,35.255658,35.255658,35.255658,35.255658,35.255658,35.255658,35.255658,35.255658,35.255658,35.255658,70.755658,71.755658,70.755658,35.255658,33.755658,32.258658
165,2002-06-13,32.257658,32.257658,32.257658,32.257658,32.258658,33.536658,35.255658,35.255658,35.255658,35.255658,35.255658,35.255658,35.255658,35.255658,35.255658,35.255658,35.255658,35.255658,40.755658,40.755658,40.755658,36.755658,35.255658,33.255658
166,2002-06-14,32.257658,32.257658,32.256658,32.256658,32.257658,32.755658,33.536658,35.255658,35.255658,35.255658,35.255658,35.255658,35.255658,35.255658,35.255658,35.255658,35.255658,35.255658,35.755658,36.755658,35.755658,35.255658,33.536658,32.755658
167,2002-06-15,33.536658,32.755658,32.755658,32.755658,32.755658,33.536658,34.753658,34.755658,35.255658,35.255658,35.255658,35.255658,35.255658,34.755658,34.754658,34.754658,34.754658,34.754658,35.255658,38.755658,35.255658,35.255658,35.255658,35.255658
168,2002-06-16,35.055658,35.055658,35.055658,34.955658,34.955658,34.955658,34.955658,34.955658,34.955658,34.955658,34.955658,34.955658,34.955658,34.955658,34.955658,34.955658,34.955658,34.955658,35.155658,37.255658,37.255658,37.255658,37.255658,35.055658
169,2002-06-17,36.755658,34.855658,36.755658,36.755658,34.755658,34.855658,36.755658,37.255658,37.255658,37.255658,37.255658,37.255658,37.255658,37.255658,37.255658,37.255658,37.255658,37.255658,38.755658,38.755658,38.755658,37.255658,37.155658,34.855658
170,2002-06-18,33.755658,33.755658,33.755658,33.755658,33.755658,35.755658,35.855658,36.755658,36.755658,36.755658,36.755658,36.755658,36.755658,36.755658,36.755658,36.755658,36.755658,36.755658,37.255658,40.755658,40.755658,36.755658,35.855658,35.755658
171,2002-06-19,34.755658,33.555658,33.555658,33.555658,34.755658,34.755658,36.705658,36.705658,36.705658,36.705658,36.705658,36.705658,36.705658,36.705658,36.705658,36.705658,36.705658,36.705658,36.955658,40.755658,40.755658,36.705658,36.705658,35.755658
172,2002-06-20,34.655658,33.755658,33.755658,33.755658,34.655658,34.655658,34.755658,34.755658,35.855658,35.855658,35.855658,35.855658,35.855658,35.855658,35.855658,35.855658,35.855658,35.855658,40.755658,70.754658,46.755658,36.755658,34.755658,34.655658
173,2002-06-21,34.655658,34.655658,34.655658,34.655658,34.655658,34.655658,34.655658,34.655658,34.755658,34.755658,34.755658,34.755658,34.755658,34.655658,34.755658,34.755658,34.755658,34.755658,40.755658,72.755658,45.755658,40.255658,34.655658,34.655658
174,2002-06-22,33.755658,33.755658,33.755658,33.755658,33.755658,33.755658,33.755658,34.155658,34.155658,34.155658,34.155658,34.155658,34.155658,34.155658,34.155658,34.155658,34.155658,34.155658,34.455658,40.755658,40.755658,34.455658,34.155658,33.755658
175,2002-06-23,33.455658,32.255658,32.255658,32.255658,32.255658,32.255658,32.255658,32.255658,33.455658,33.455658,33.455658,33.536658,33.536658,33.455658,32.255658,32.255658,32.255658,33.455658,33.555658,40.255658,36.755658,36.755658,33.555658,32.255658
176,2002-06-24,32.215658,32.215658,32.215658,32.215658,32.215658,33.755658,34.355658,34.355658,34.355658,34.355658,34.755658,34.755658,34.755658,34.755658,34.355658,34.355658,34.355658,34.355658,40.755658,73.755658,45.755658,40.755658,34.355658,33.755658
177,2002-06-25,33.655658,33.555658,33.555658,33.555658,33.655658,33.655658,33.655658,33.755658,33.755658,33.755658,33.755658,34.755658,33.755658,33.755658,33.755658,33.755658,33.755658,33.755658,46.755658,73.755658,46.755658,39.755658,33.655658,33.655658
178,2002-06-26,33.655658,33.655658,33.655658,33.655658,33.655658,33.655658,33.655658,33.655658,34.755658,33.655658,34.755658,39.755658,34.755658,33.655658,33.655658,34.755658,33.655658,34.755658,47.755658,73.755658,47.755658,45.755658,33.655658,33.655658
179,2002-06-27,33.545658,33.545658,33.545658,33.545658,33.545658,33.555658,33.555658,33.755658,33.755658,33.755658,33.755658,33.855658,33.755658,33.755658,33.755658,33.755658,33.755658,33.755658,38.755658,65.755658,39.755658,33.855658,33.555658,33.545658
180,2002-06-28,33.545658,33.545658,33.545658,33.545658,33.545658,33.545658,33.755658,33.755658,33.755658,33.755658,33.755658,33.755658,33.755658,33.755658,33.755658,33.755658,33.755658,33.755658,38.755658,39.755658,38.755658,33.755658,33.755658,33.545658
181,2002-06-29,33.515658,33.515658,33.515658,33.515658,33.515658,33.515658,33.515658,33.536658,34.255658,34.255658,34.255658,34.255658,34.255658,33.536658,33.536658,33.515658,33.515658,33.515658,34.455658,39.255658,34.455658,34.255658,33.515658,33.515658
182,2002-06-30,33.755658,33.755658,33.755658,33.755658,33.755658,33.755658,33.755658,33.755658,33.755658,33.755658,33.755658,33.755658,33.755658,33.755658,33.755658,33.755658,33.755658,33.755658,34.255658,39.255658,34.455658,34.255658,33.755658,33.755658
183,2002-07-01,37.37995,37.37995,35.57995,35.57995,35.57995,35.57995,35.57995,37.37995,37.37995,37.37995,37.37995,37.37995,37.37995,37.37995,37.37995,37.37995,37.37995,37.37995,37.37995,42.37995,40.37995,37.37995,37.37995,37.37995
184,2002-07-02,37.17995,37.17995,36.77995,36.77995,37.17995,37.37995,37.37995,38.87995,38.87995,38.87995,38.87995,39.37995,39.37995,38.87995,38.87995,38.87995,38.87995,38.87995,39.37995,43.37995,39.37995,39.37995,38.87995,37.37995
185,2002-07-03,36.77995,36.67995,36.67995,36.67995,36.77995,37.27995,37.27995,37.27995,37.27995,37.37995,37.37995,38.17995,37.37995,37.27995,37.27995,37.27995,37.27995,37.37995,38.37995,75.37995,39.37995,38.37995,37.27995,37.27995
186,2002-07-04,36.77995,36.77995,36.77995,36.77995,36.77995,36.82995,36.87995,36.87995,37.27995,37.27995,37.27995,37.27995,37.27995,37.27995,37.27995,37.27995,37.27995,37.27995,37.27995,39.37995,37.27995,37.27995,36.87995,36.82995
187,2002-07-05,36.37995,36.37995,36.37995,36.37995,36.37995,36.47995,36.52995,40.37995,40.37995,40.37995,40.37995,40.37995,40.37995,40.37995,40.37995,40.37995,40.37995,40.37995,40.37995,40.37995,40.37995,40.37995,36.52995,36.37995
188,2002-07-06,36.37995,36.37995,36.37995,36.37995,36.37995,36.37995,37.37995,37.47995,37.57995,40.27995,40.27995,40.27995,40.27995,40.27995,37.57995,37.57995,37.57995,37.57995,40.27995,40.37995,40.27995,40.27995,37.57995,37.37995
189,2002-07-07,36.87995,36.87995,36.87995,36.87995,36.87995,36.87995,36.87995,36.87995,37.37995,37.47995,37.47995,37.47995,37.47995,37.47995,37.37995,36.87995,36.87995,36.87995,37.57995,41.47995,40.37995,40.37995,37.47995,36.87995
190,2002-07-08,35.87995,35.67995,35.67995,35.67995,35.87995,35.87995,36.87995,36.87995,36.87995,37.37995,40.37995,40.37995,40.37995,37.37995,37.37995,37.37995,37.37995,37.37995,40.37995,48.37995,41.37995,41.37995,36.87995,36.87995
191,2002-07-09,36.37995,36.37995,36.37995,36.37995,36.37995,36.37995,36.37995,36.87995,37.37995,37.37995,37.37995,37.37995,37.37995,37.37995,37.37995,37.37995,37.37995,36.87995,40.37995,75.37995,40.37995,37.37995,36.37995,36.37995
192,2002-07-10,36.27995,36.17995,36.17995,36.17995,36.27995,36.37995,36.87995,37.27995,37.27995,37.27995,37.27995,37.27995,37.27995,37.27995,37.27995,37.27995,37.27995,37.27995,40.37995,48.37995,40.37995,37.27995,37.27995,36.27995
193,2002-07-11,36.82995,36.82995,36.82995,36.82995,36.87995,37.27995,37.27995,37.27995,39.37995,39.37995,39.37995,39.37995,37.27995,37.27995,39.37995,39.37995,39.37995,39.37995,41.97995,70.37995,41.97995,41.97995,37.27995,37.27995
194,2002-07-12,37.27995,37.27995,36.87995,36.87995,37.27995,37.27995,37.27995,37.27995,42.37995,42.37995,42.37995,42.37995,42.37995,42.37995,42.37995,41.37995,41.37995,41.37995,47.37995,66.87995,48.37995,42.37995,37.27995,37.27995
195,2002-07-13,39.47995,39.37995,39.37995,39.37995,39.37995,39.47995,39.47995,39.47995,39.47995,44.37995,44.37995,44.37995,44.37995,39.47995,39.47995,39.47995,39.47995,39.47995,44.37995,47.37995,46.37995,46.37995,39.47995,39.47995
196,2002-07-14,39.47995,39.47995,39.47995,39.47995,39.47995,39.47995,39.47995,39.47995,39.47995,39.47995,39.47995,39.47995,39.47995,39.47995,39.47995,39.47995,39.47995,39.47995,45.37995,46.37995,46.37995,46.37995,42.37995,39.47995
197,2002-07-15,39.37995,39.37995,39.37995,39.37995,39.37995,39.47995,39.47995,40.27995,40.37995,40.37995,45.37995,45.37995,45.37995,40.37995,40.37995,40.37995,40.37995,40.37995,45.37995,46.37995,46.37995,45.37995,40.27995,39.47995
198,2002-07-16,40.37995,40.27995,40.27995,40.27995,40.37995,40.37995,44.47995,44.47995,44.47995,44.47995,44.47995,44.47995,44.47995,44.47995,44.47995,44.47995,44.47995,44.47995,46.37995,51.10495,46.37995,44.47995,44.47995,40.37995
199,2002-07-17,44.17995,44.17995,42.37995,42.37995,44.27995,44.47995,44.47995,44.47995,44.47995,44.47995,44.47995,44.47995,44.47995,44.47995,44.47995,44.47995,44.47995,44.47995,46.37995,47.37995,46.37995,44.47995,44.47995,44.27995
200,2002-07-18,43.97995,43.97995,43.87995,43.87995,43.97995,44.27995,44.29995,44.29995,44.37995,44.37995,44.37995,44.37995,44.37995,44.29995,44.29995,44.37995,44.37995,44.37995,46.37995,51.10495,46.37995,45.37995,44.27995,43.97995
201,2002-07-19,44.27995,44.27995,44.22995,44.22995,44.27995,44.28995,44.28995,44.28995,44.28995,44.28995,44.28995,44.28995,44.28995,44.28995,44.28995,44.28995,44.28995,44.28995,46.37995,51.37995,46.37995,44.29995,44.28995,44.27995
202,2002-07-20,43.87995,43.87995,43.87995,43.87995,43.87995,43.87995,43.87995,43.92995,43.92995,43.92995,43.92995,44.28995,44.28995,44.28995,43.92995,43.92995,43.92995,43.92995,44.28995,44.29995,44.28995,44.28995,44.28995,43.92995
203,2002-07-21,43.97995,43.97995,43.97995,43.97995,43.97995,43.97995,43.97995,43.97995,43.97995,43.97995,43.97995,43.97995,43.97995,43.97995,43.97995,43.97995,43.97995,43.97995,44.07995,44.25295,44.25295,44.07995,43.97995,43.97995
204,2002-07-22,43.78095,43.78095,43.78095,43.78095,43.78095,44.17995,44.17995,44.17995,44.25295,44.25295,44.25295,44.27995,44.25295,44.25295,44.25295,44.25295,44.25295,44.25295,46.37995,46.37995,46.37995,46.27995,44.17995,44.17995
205,2002-07-23,43.78095,43.77995,43.77995,43.77995,43.78095,44.17895,44.17995,44.17995,44.17995,44.17995,44.17995,44.17995,44.17995,44.17995,44.17995,44.17995,44.17995,44.17995,46.37995,72.17995,47.37995,44.25295,44.17995,44.17895
206,2002-07-24,43.72995,43.72995,43.72995,43.72995,43.73095,43.73095,43.73095,43.73095,43.77995,43.77995,43.78095,43.78095,43.73095,43.73095,43.73095,43.73095,43.73095,43.77995,44.25295,47.37995,44.25295,43.78095,43.73095,43.73095
207,2002-07-25,43.68095,43.67995,43.67995,43.67995,43.68095,43.68095,43.68095,43.72995,43.72995,43.72995,43.72995,44.51195,43.72995,43.72995,43.72995,43.72995,43.72995,43.72995,49.37995,52.37995,49.37995,44.51195,43.68095,43.68095
208,2002-07-26,43.67895,43.67895,43.67895,43.67895,43.67895,43.67895,43.67995,43.67995,43.67995,43.67995,43.67995,44.37995,43.67995,43.67995,43.67995,43.67995,44.51195,44.37995,49.37995,52.37995,52.37895,49.37995,43.67995,43.67895
209,2002-07-27,43.57995,43.57995,43.57995,43.57995,43.57995,43.57995,44.47995,44.47995,44.47995,44.47995,44.47995,44.47995,44.47995,44.47995,44.47995,44.47995,44.47995,44.47995,44.51195,48.47995,48.47995,48.37995,44.47995,44.47995
210,2002-07-28,43.57995,43.57995,43.57995,43.57995,43.57995,43.57995,43.57995,43.57995,44.51195,47.38895,47.38895,47.38895,47.38895,47.38895,44.51195,43.57995,43.57995,44.51195,47.38895,47.38895,47.38895,47.38895,47.38895,43.57995
211,2002-07-29,43.57795,43.57795,43.57795,43.57795,43.57795,44.47995,44.47995,46.37995,46.37995,46.37995,47.27995,47.37995,46.37995,46.37995,46.37995,46.37995,46.37995,46.37995,47.37995,49.37995,49.37995,47.37995,46.37995,44.47995
212,2002-07-30,43.56995,43.56995,43.56995,43.56995,43.56995,44.37995,48.48895,48.48895,48.48895,48.48895,48.48895,48.48895,48.48895,48.48895,48.48895,48.48895,48.48895,48.48895,49.37995,72.27995,49.37995,48.48895,48.11095,43.56995
213,2002-07-31,44.27995,44.27995,44.27995,44.27995,44.27995,44.27995,47.37995,47.37995,47.37995,47.37995,47.37995,48.11095,47.37995,47.37995,47.37995,47.37995,47.37995,47.37995,48.11095,49.37995,48.37995,48.11095,47.37995,44.27995
214,2002-08-01,46.210945,46.210945,45.211945,46.210945,46.210945,46.210945,46.211945,46.210945,46.211945,46.211945,46.211945,46.211945,46.210945,46.210945,46.211945,46.211945,46.211945,46.211945,46.211945,51.211945,47.211945,46.211945,46.211945,46.210945
215,2002-08-02,46.211945,45.811945,45.811945,45.811945,46.211945,47.111945,47.111945,47.111945,47.111945,47.111945,47.211945,47.211945,47.211945,47.111945,47.111945,47.111945,47.111945,47.111945,47.211945,66.201945,47.211945,47.111945,47.111945,46.261945
216,2002-08-03,46.311945,46.311945,45.211945,45.211945,46.311945,46.311945,46.311945,46.311945,46.311945,46.711945,46.711945,46.711945,46.711945,46.311945,46.311945,46.311945,46.311945,46.311945,46.711945,46.911945,46.811945,46.711945,46.311945,46.311945
217,2002-08-04,45.711945,45.711945,45.711945,45.711945,45.711945,45.711945,45.711945,45.711945,46.811945,46.911945,46.911945,46.811945,46.811945,46.211945,45.711945,45.711945,45.711945,45.711945,46.911945,51.319945,51.319945,46.911945,46.911945,45.711945
218,2002-08-05,46.811945,46.811945,46.811945,46.811945,46.811945,47.211945,47.211945,47.211945,47.211945,48.711945,48.711945,48.711945,48.711945,48.711945,48.711945,48.711945,48.711945,48.711945,51.319945,56.211945,56.211945,48.711945,48.711945,47.211945
219,2002-08-06,47.211945,47.211945,47.211945,47.211945,47.211945,47.211945,47.721945,47.721945,47.721945,47.721945,47.721945,47.721945,47.721945,47.721945,47.721945,47.721945,47.721945,47.721945,47.721945,48.711945,47.721945,47.721945,47.721945,47.211945
220,2002-08-07,45.711945,45.711945,45.211945,45.211945,45.711945,45.711945,45.211945,45.711945,47.721945,47.721945,47.721945,47.721945,47.721945,47.721945,47.721945,45.711945,45.711945,47.721945,47.721945,48.711945,48.211945,47.721945,47.721945,45.711945
221,2002-08-08,45.211945,45.211945,45.211945,45.211945,45.211945,45.761945,45.761945,45.761945,48.211945,48.211945,48.211945,48.211945,48.211945,48.211945,48.211945,48.211945,48.211945,48.211945,49.211945,51.319945,49.211945,48.711945,45.761945,45.761945
222,2002-08-09,45.111945,45.111945,45.111945,45.111945,45.111945,45.211945,45.211945,45.211945,45.311945,45.211945,45.311945,45.711945,45.211945,45.211945,45.311945,45.211945,45.211945,45.311945,48.711945,51.319945,48.711945,48.211945,45.211945,45.211945
223,2002-08-10,43.211945,43.211945,43.211945,43.211945,43.211945,43.211945,43.501945,43.501945,43.501945,43.501945,43.501945,43.501945,43.501945,43.501945,43.501945,43.501945,43.501945,43.501945,44.811945,49.211945,48.211945,44.811945,43.501945,43.501945
224,2002-08-11,43.211945,43.211945,42.611945,42.611945,43.011945,43.011945,43.011945,43.211945,43.211945,43.211945,43.211945,43.211945,43.211945,43.211945,43.211945,43.211945,43.211945,43.211945,43.211945,45.211945,45.211945,45.211945,43.211945,43.211945
225,2002-08-12,43.211945,42.711945,42.711945,43.011945,43.211945,43.211945,43.211945,43.211945,45.211945,45.211945,45.211945,45.211945,45.211945,45.211945,45.211945,45.211945,45.211945,45.211945,49.111945,61.211945,51.319945,46.211945,43.211945,43.211945
226,2002-08-13,43.161945,43.011945,43.011945,43.011945,43.161945,43.161945,43.211945,43.211945,45.211945,45.211945,45.211945,46.211945,45.211945,45.211945,45.211945,45.211945,45.211945,45.211945,49.111945,61.211945,49.111945,46.211945,43.211945,43.161945
227,2002-08-14,43.161945,43.161945,43.161945,43.161945,43.161945,43.211945,43.211945,45.211945,45.211945,45.211945,45.211945,45.311945,45.211945,43.211945,43.161945,43.161945,43.161945,43.211945,45.311945,51.319945,46.211945,45.311945,43.211945,43.161945
228,2002-08-15,43.161945,43.161945,43.151945,43.161945,43.161945,43.161945,43.211945,44.711945,45.211945,45.211945,45.211945,45.211945,45.211945,45.211945,45.211945,44.711945,45.211945,45.211945,49.211945,61.211945,51.319945,45.211945,43.211945,43.161945
229,2002-08-16,43.161945,43.161945,43.161945,43.161945,43.161945,43.161945,43.211945,43.211945,44.211945,45.211945,45.211945,45.211945,44.211945,43.211945,43.211945,43.211945,43.211945,43.211945,45.211945,49.211945,45.211945,45.211945,43.211945,43.161945
230,2002-08-17,43.161945,43.161945,43.161945,43.161945,43.161945,43.161945,43.161945,43.161945,45.211945,45.211945,45.211945,45.211945,45.211945,45.211945,43.161945,43.161945,43.161945,43.161945,45.311945,61.211945,61.211945,45.311945,45.211945,43.161945
231,2002-08-18,43.111945,42.311945,42.311945,42.311945,42.311945,42.311945,42.311945,43.161945,43.161945,43.161945,43.161945,43.161945,43.161945,43.161945,43.161945,43.161945,43.161945,43.161945,43.161945,45.211945,45.211945,43.161945,43.161945,43.111945
232,2002-08-19,42.161945,42.111945,42.111945,42.111945,42.111945,42.161945,42.161945,42.311945,45.111945,45.111945,45.111945,45.111945,45.111945,45.111945,45.111945,42.311945,42.311945,45.111945,45.111945,45.211945,45.211945,45.111945,45.111945,42.311945
233,2002-08-20,42.311945,42.161945,42.161945,42.311945,42.311945,44.811945,47.211945,47.731945,47.731945,47.731945,47.731945,47.731945,47.731945,47.731945,47.731945,47.731945,47.731945,47.731945,47.731945,61.211945,47.731945,47.731945,44.811945,42.311945
234,2002-08-21,44.411945,44.411945,44.411945,44.411945,44.411945,44.411945,44.511945,44.611945,44.611945,44.611945,44.711945,44.711945,44.711945,44.611945,44.711945,44.711945,44.711945,44.711945,47.211945,56.211945,47.211945,47.211945,44.611945,44.411945
235,2002-08-22,44.311945,44.211945,44.211945,44.211945,44.311945,44.511945,46.220945,46.220945,46.220945,46.220945,46.220945,46.220945,46.220945,46.220945,46.220945,46.220945,46.220945,46.220945,46.220945,56.211945,46.220945,46.220945,44.511945,44.311945
236,2002-08-23,44.211945,44.211945,43.411945,43.411945,44.211945,44.320945,44.320945,44.320945,44.320945,44.320945,44.320945,45.711945,44.320945,44.320945,44.320945,44.320945,44.320945,44.320945,45.711945,46.211945,45.711945,45.711945,44.320945,44.211945
237,2002-08-24,43.311945,43.311945,43.311945,43.311945,43.311945,43.501945,44.311945,44.311945,45.411945,45.411945,45.411945,45.411945,45.411945,45.411945,44.311945,44.311945,44.311945,44.311945,45.411945,45.711945,45.411945,45.411945,45.411945,44.311945
238,2002-08-25,43.311945,43.261945,43.261945,43.261945,43.261945,43.261945,43.261945,43.261945,43.311945,43.311945,43.311945,43.311945,43.311945,43.311945,43.311945,43.311945,43.261945,43.311945,46.211945,48.211945,48.211945,46.211945,45.111945,43.311945
239,2002-08-26,43.111945,43.111945,43.111945,43.111945,43.111945,43.221945,44.011945,44.011945,45.211945,45.211945,45.211945,45.211945,45.211945,45.211945,45.211945,45.211945,45.211945,45.211945,45.211945,46.211945,45.211945,45.211945,44.011945,43.221945
240,2002-08-27,43.221945,43.161945,43.111945,43.111945,43.221945,43.261945,43.261945,43.261945,43.261945,44.011945,44.011945,44.011945,43.261945,43.261945,43.261945,43.261945,43.261945,43.261945,50.211945,55.211945,50.211945,44.011945,43.261945,43.221945
241,2002-08-28,43.211945,43.211945,43.211945,43.211945,43.211945,43.231945,43.231945,43.231945,43.231945,43.231945,43.231945,45.211945,43.231945,43.231945,43.231945,43.231945,43.231945,43.231945,50.211945,50.211945,50.211945,45.211945,43.231945,43.221945
242,2002-08-29,43.220945,43.220945,43.211945,43.211945,43.220945,43.220945,45.211945,45.211945,46.211945,46.211945,46.211945,46.211945,46.211945,46.211945,46.211945,46.211945,46.211945,46.211945,46.211945,46.211945,46.211945,46.211945,43.220945,43.220945
243,2002-08-30,43.211945,43.211945,43.211945,43.211945,43.211945,45.301945,45.301945,45.301945,45.301945,45.301945,45.301945,46.211945,45.301945,45.301945,45.301945,45.301945,45.301945,46.211945,46.211945,46.211945,46.211945,46.211945,45.301945,45.301945
244,2002-08-31,43.211945,43.211945,43.211945,43.211945,43.211945,45.111945,45.111945,45.111945,45.111945,46.211945,46.211945,46.211945,46.211945,46.211945,45.111945,45.111945,45.111945,45.111945,46.211945,46.211945,46.211945,46.211945,45.111945,45.111945
245,2002-09-01,44.836297,44.836297,44.836297,44.836297,44.836297,44.836297,44.836297,44.836297,45.836297,45.836297,45.836297,45.836297,45.836297,45.836297,45.836297,45.836297,45.836297,45.836297,46.336297,46.336297,46.336297,46.336297,45.836297,44.836297
246,2002-09-02,44.336297,44.336297,44.336297,44.336297,44.336297,44.336297,45.336297,45.336297,45.336297,45.836297,45.836297,45.836297,45.836297,45.836297,45.836297,45.836297,45.836297,45.836297,46.336297,46.336297,46.336297,45.836297,45.336297,44.336297
247,2002-09-03,44.636297,44.636297,44.636297,44.636297,44.636297,44.636297,45.336297,46.836297,49.336297,49.336297,49.336297,49.336297,49.336297,49.336297,49.336297,49.336297,46.836297,49.336297,51.336297,56.336297,51.336297,49.336297,45.336297,44.636297
248,2002-09-04,44.336297,44.336297,44.336297,44.336297,44.336297,44.536297,44.736297,44.736297,44.736297,44.736297,44.736297,44.736297,44.736297,44.736297,44.736297,44.736297,44.736297,44.736297,49.336297,50.336297,49.336297,44.736297,44.736297,44.436297
249,2002-09-05,44.246297,44.246297,44.246297,44.246297,44.246297,44.246297,44.356297,44.436297,44.436297,44.436297,44.436297,44.436297,44.436297,44.436297,44.436297,44.436297,44.436297,44.436297,44.436297,44.436297,44.436297,44.436297,44.356297,44.246297
250,2002-09-06,43.836297,43.836297,43.836297,43.836297,43.836297,44.236297,44.436297,44.436297,44.436297,44.436297,44.436297,44.436297,44.436297,44.436297,44.436297,44.436297,44.436297,44.436297,44.436297,44.536297,44.436297,44.436297,44.436297,43.836297
251,2002-09-07,44.636297,44.336297,44.336297,44.236297,44.336297,44.636297,44.636297,44.636297,44.636297,45.236297,45.236297,45.236297,45.236297,44.636297,44.636297,44.636297,44.636297,44.636297,45.336297,46.336297,45.336297,45.236297,44.636297,44.636297
252,2002-09-08,44.336297,44.226297,44.226297,44.226297,44.226297,44.226297,44.226297,44.226297,45.236297,45.336297,45.336297,45.336297,45.336297,45.336297,45.336297,45.236297,45.236297,45.336297,46.336297,49.336297,46.336297,46.336297,46.336297,45.236297
253,2002-09-09,45.836297,45.836297,45.836297,45.836297,46.336297,46.336297,46.836297,46.836297,46.836297,46.836297,46.836297,46.836297,46.836297,46.836297,46.836297,46.836297,46.836297,46.836297,48.336297,48.336297,48.336297,46.836297,46.836297,46.336297
254,2002-09-10,45.886297,45.886297,45.886297,45.886297,45.886297,46.336297,46.836297,46.836297,48.336297,48.336297,48.336297,48.336297,48.336297,48.336297,48.336297,48.336297,48.336297,48.336297,49.336297,49.336297,49.335297,48.336297,46.836297,45.886297
255,2002-09-11,45.736297,45.736297,45.736297,45.736297,45.736297,48.336297,49.236297,49.236297,49.236297,49.236297,49.236297,49.236297,49.236297,49.236297,49.236297,49.236297,49.236297,49.236297,65.336297,65.336297,56.336297,49.236297,49.236297,45.836297
256,2002-09-12,47.836297,46.336297,46.336297,46.336297,47.836297,47.836297,48.236297,48.236297,48.236297,48.236297,48.236297,48.236297,48.236297,48.236297,48.236297,48.236297,48.236297,48.236297,51.336297,56.336297,51.336297,48.236297,48.236297,47.836297
257,2002-09-13,46.337297,46.337297,46.337297,46.337297,46.337297,47.836297,47.836297,47.836297,47.836297,49.336297,49.336297,49.336297,49.336297,49.336297,49.336297,49.336297,49.336297,49.336297,66.336297,66.336297,56.336297,50.336297,47.836297,47.836297
258,2002-09-14,47.736297,47.736297,47.736297,47.736297,47.736297,47.837297,47.837297,47.837297,50.336297,50.336297,50.336297,51.336297,50.336297,48.336297,47.837297,47.837297,47.837297,47.837297,56.336297,66.336297,56.336297,51.336297,47.837297,47.837297
259,2002-09-15,49.336297,49.336297,49.336297,48.336297,48.336297,49.336297,48.336297,49.336297,49.336297,49.336297,49.336297,49.336297,49.336297,49.336297,49.336297,49.336297,49.336297,49.336297,52.336297,52.336297,52.336297,51.336297,49.336297,49.336297
260,2002-09-16,48.236297,48.236297,46.836297,48.236297,48.236297,48.236297,48.436297,48.436297,48.436297,48.436297,48.436297,50.336297,48.436297,48.436297,48.436297,48.436297,48.436297,48.436297,61.336297,61.336297,56.336297,50.336297,48.436297,48.236297
261,2002-09-17,46.436297,46.436297,46.436297,46.436297,46.436297,46.436297,48.336297,48.336297,49.336297,49.336297,49.336297,49.336297,49.336297,49.336297,49.336297,49.336297,49.336297,49.336297,69.336297,69.336297,52.336297,49.336297,46.436297,46.436297
262,2002-09-18,46.436297,46.436297,46.436297,46.436297,46.436297,46.536297,47.336297,47.336297,48.336297,48.336297,49.336297,49.336297,48.336297,47.336297,47.336297,47.336297,47.336297,48.336297,52.336297,52.336297,50.336297,48.336297,46.536297,46.536297
263,2002-09-19,46.466297,46.466297,46.466297,46.466297,46.536297,46.536297,46.736297,46.736297,46.736297,46.736297,46.736297,46.736297,46.736297,46.736297,46.736297,46.736297,46.736297,46.736297,56.336297,56.336297,49.336297,46.736297,46.736297,46.536297
264,2002-09-20,46.626297,46.626297,46.626297,46.626297,46.626297,46.636297,46.636297,46.636297,46.636297,46.636297,46.636297,46.636297,46.636297,46.636297,46.636297,46.636297,46.636297,46.636297,46.636297,47.836297,46.636297,46.636297,46.636297,46.626297
265,2002-09-21,46.626297,46.626297,46.626297,46.626297,46.626297,46.626297,46.636297,46.636297,46.636297,48.336297,48.336297,48.336297,48.336297,46.636297,46.636297,46.636297,46.636297,46.636297,53.336297,56.336297,51.336297,48.336297,46.636297,46.636297
266,2002-09-22,47.836297,47.836297,47.836297,47.836297,47.836297,47.836297,47.836297,47.836297,47.836297,47.836297,47.836297,47.836297,47.836297,47.836297,47.836297,47.836297,47.836297,47.836297,48.136297,48.136297,48.136297,48.136297,48.136297,47.836297
267,2002-09-23,47.936297,47.836297,47.836297,47.836297,47.936297,47.936297,51.336297,51.436297,51.436297,56.336297,56.336297,56.336297,56.336297,51.436297,56.336297,56.336297,56.336297,56.336297,66.336297,70.336297,66.336297,56.336297,51.336297,47.936297
268,2002-09-24,48.026297,48.026297,48.026297,48.026297,48.026297,48.336297,50.836297,50.836297,50.836297,50.836297,51.236297,51.236297,50.836297,50.836297,50.836297,50.836297,50.836297,50.836297,51.236297,55.336297,51.236297,51.236297,50.836297,48.336297
269,2002-09-25,51.336297,50.826297,50.826297,50.826297,51.336297,54.336297,54.336297,54.336297,54.336297,54.336297,54.336297,54.336297,54.336297,54.336297,54.336297,54.336297,54.336297,54.336297,55.336297,55.336297,54.336297,54.336297,54.336297,51.336297
270,2002-09-26,53.057297,53.057297,50.836297,53.057297,53.336297,54.236297,54.236297,54.236297,54.236297,54.236297,55.336297,56.336297,54.236297,54.236297,54.236297,54.236297,55.336297,55.336297,61.331297,61.331297,57.336297,55.336297,54.236297,53.336297
271,2002-09-27,52.336297,52.336297,52.336297,52.336297,52.336297,52.336297,53.226297,53.226297,53.226297,53.226297,53.226297,53.226297,53.226297,53.226297,53.226297,53.226297,53.226297,53.226297,61.336297,61.336297,53.226297,53.226297,53.057297,52.336297
272,2002-09-28,52.336297,52.336297,52.336297,52.336297,52.336297,52.336297,52.336297,52.336297,55.336297,55.336297,56.336297,56.336297,55.336297,55.336297,52.336297,52.336297,52.336297,55.336297,61.336297,61.336297,58.336297,56.336297,52.336297,52.336297
273,2002-09-29,52.236297,52.236297,52.236297,52.236297,52.236297,52.236297,52.236297,52.236297,52.336297,52.336297,52.336297,52.336297,52.336297,52.336297,52.336297,52.236297,52.236297,52.336297,56.336297,61.336297,56.336297,52.336297,52.336297,52.236297
274,2002-09-30,50.836297,50.836297,50.836297,50.836297,50.836297,50.836297,55.236297,55.236297,55.236297,55.236297,55.236297,55.336297,55.236297,55.236297,55.236297,55.236297,55.236297,55.236297,57.336297,57.336297,56.336297,55.336297,55.236297,50.836297
275,2002-10-01,49.077987,48.577987,48.577987,48.577987,49.077987,49.827987,49.827987,51.977987,51.977987,51.977987,51.977987,51.977987,51.977987,51.977987,51.977987,51.977987,51.977987,51.977987,53.077987,55.077987,53.077987,51.977987,49.827987,49.077987
276,2002-10-02,49.827987,49.827987,49.827987,49.577987,49.827987,49.877987,52.077987,52.077987,52.077987,52.877987,52.877987,52.877987,52.077987,52.077987,52.077987,52.077987,52.077987,52.877987,52.877987,53.077987,52.877987,52.877987,52.077987,49.827987
277,2002-10-03,52.877987,52.077987,52.077987,52.077987,52.877987,52.877987,52.977987,52.977987,52.977987,52.977987,53.077987,53.077987,52.977987,52.977987,52.977987,52.977987,52.977987,53.077987,58.027987,58.027987,58.027987,55.077987,52.977987,52.877987
278,2002-10-04,52.977987,52.977987,52.977987,52.977987,52.977987,53.077987,53.177987,53.177987,53.177987,53.177987,53.177987,53.177987,53.177987,53.177987,53.177987,53.177987,53.177987,53.177987,58.077987,58.077987,56.077987,53.177987,53.177987,52.977987
279,2002-10-05,52.677987,52.677987,52.677987,52.677987,52.677987,52.677987,52.677987,55.077987,55.077987,55.077987,55.577987,55.577987,55.577987,55.077987,55.077987,55.077987,55.077987,55.077987,56.077987,56.677987,56.077987,55.577987,55.077987,52.677987
280,2002-10-06,54.077987,54.077987,54.077987,54.077987,54.077987,54.077987,54.077987,54.077987,54.677987,54.677987,54.677987,54.677987,54.677987,54.677987,54.077987,54.077987,54.077987,54.677987,55.177987,55.477987,55.177987,54.677987,54.677987,54.077987
281,2002-10-07,54.876987,54.876987,54.876987,54.876987,54.876987,55.527987,55.527987,55.527987,55.527987,56.077987,56.077987,56.077987,56.077987,56.077987,56.077987,56.077987,56.077987,56.077987,56.077987,56.077987,56.077987,56.077987,55.527987,54.876987
282,2002-10-08,54.827987,54.827987,54.827987,54.827987,54.827987,57.777987,57.777987,57.777987,57.777987,57.777987,57.777987,57.977987,57.777987,57.777987,57.777987,57.777987,57.777987,57.977987,58.077987,58.077987,57.977987,57.977987,57.777987,55.567987
283,2002-10-09,55.227987,55.227987,55.227987,55.227987,57.577987,58.076987,58.076987,58.076987,58.076987,58.076987,58.076987,58.076987,58.076987,58.076987,58.076987,58.076987,58.076987,58.076987,64.377987,64.377987,61.816987,58.076987,57.577987,55.227987
284,2002-10-10,57.177987,57.177987,57.177987,57.177987,57.177987,57.377987,57.577987,57.577987,57.577987,61.816987,61.816987,62.677987,57.577987,57.577987,57.577987,57.577987,57.577987,61.816987,64.077987,64.077987,62.677987,61.816987,57.377987,57.177987
285,2002-10-11,57.507987,57.507987,57.507987,57.507987,57.507987,57.977987,58.077987,58.077987,61.677987,61.677987,61.677987,61.677987,61.677987,61.677987,61.677987,61.677987,61.677987,61.677987,65.577987,65.577987,61.677987,61.677987,58.077987,57.977987
286,2002-10-12,61.077987,61.077987,60.077987,61.077987,61.077987,61.077987,61.627987,61.627987,61.627987,61.977987,61.977987,61.977987,61.977987,61.977987,61.627987,61.627987,61.627987,61.977987,66.377987,61.977987,61.977987,61.977987,61.627987,61.627987
287,2002-10-13,62.057987,61.627987,61.627987,61.627987,61.627987,61.627987,61.627987,62.057987,62.057987,62.057987,62.057987,62.057987,62.057987,62.057987,62.057987,62.057987,62.057987,62.057987,66.376987,66.376987,66.376987,66.376987,62.057987,62.057987
288,2002-10-14,61.367987,61.367987,61.367987,61.367987,61.367987,61.367987,61.367987,61.367987,65.066987,65.066987,65.066987,65.066987,65.066987,65.066987,65.066987,65.066987,65.066987,65.066987,66.377987,66.377987,66.097987,66.077987,65.066987,65.066987
289,2002-10-15,61.367987,61.367987,61.367987,61.367987,61.367987,64.977987,66.097987,64.977987,66.097987,66.097987,66.097987,66.376987,66.097987,66.097987,66.097987,66.097987,66.097987,66.376987,66.377987,66.377987,66.376987,66.376987,64.977987,61.367987
290,2002-10-16,58.177987,58.177987,58.177987,58.177987,58.177987,61.367987,64.977987,66.096987,66.096987,66.096987,66.096987,66.096987,66.096987,64.977987,64.977987,66.096987,66.096987,66.096987,66.377987,66.377987,66.096987,66.096987,61.367987,61.367987
291,2002-10-17,58.077987,57.577987,57.577987,57.577987,58.077987,58.127987,58.127987,58.127987,58.177987,58.177987,58.177987,58.177987,58.177987,58.177987,58.177987,58.177987,58.177987,61.022987,66.377987,66.177987,61.022987,58.177987,58.127987,58.127987
292,2002-10-18,58.127987,58.087987,58.087987,58.087987,58.127987,58.127987,58.127987,65.077987,65.077987,65.077987,65.077987,65.077987,65.077987,65.077987,65.077987,65.077987,65.077987,66.077987,66.177987,66.077987,66.077987,66.067987,58.127987,58.127987
293,2002-10-19,66.072987,65.067987,65.067987,65.067987,66.072987,66.072987,66.072987,66.072987,66.077987,66.077987,66.077987,66.077987,66.077987,66.077987,66.072987,66.072987,66.072987,66.077987,67.077987,66.377987,66.077987,66.077987,66.072987,66.072987
294,2002-10-20,66.377987,61.077987,61.077987,61.077987,61.077987,61.077987,61.077987,66.377987,66.377987,66.577987,66.577987,66.577987,66.577987,66.577987,66.377987,66.377987,66.377987,66.577987,66.977987,66.977987,66.577987,66.577987,66.377987,61.077987
295,2002-10-21,61.077987,61.077987,61.077987,61.077987,61.077987,66.477987,66.477987,66.477987,66.477987,66.577987,66.577987,66.577987,66.577987,66.477987,66.577987,66.577987,66.577987,66.577987,66.577987,66.577987,66.577987,66.577987,66.477987,66.477987
296,2002-10-22,60.077987,60.077987,60.077987,60.077987,63.077987,66.477987,66.477987,66.477987,66.477987,66.477987,66.477987,66.477987,66.477987,66.477987,66.477987,66.477987,66.477987,66.577987,67.077987,67.077987,66.577987,66.567987,66.477987,63.577987
297,2002-10-23,63.677987,63.077987,63.077987,63.677987,63.677987,63.677987,65.077987,65.077987,66.277987,66.277987,66.277987,66.277987,66.277987,65.077987,65.077987,66.277987,66.277987,66.277987,66.677987,66.677987,66.677987,65.077987,63.677987,63.077987
298,2002-10-24,63.677987,63.677987,63.677987,63.677987,63.677987,64.077987,65.077987,65.077987,66.367987,67.077987,67.077987,67.077987,66.367987,65.077987,66.367987,66.367987,67.077987,67.077987,67.177987,67.177987,67.077987,65.077987,63.677987,63.677987
299,2002-10-25,64.077987,62.077987,62.077987,64.077987,64.077987,65.077987,65.177987,65.177987,66.077987,66.077987,66.077987,66.077987,66.077987,65.177987,65.177987,65.177987,65.177987,66.267987,66.677987,66.677987,66.677987,66.077987,65.077987,64.077987
300,2002-10-26,64.977987,62.077987,62.077987,62.077987,64.977987,65.077987,65.077987,65.277987,65.277987,65.277987,65.277987,65.277987,65.277987,65.277987,65.277987,65.277987,65.277987,65.277987,66.636987,66.077987,65.277987,65.277987,65.077987,64.977987
301,2002-10-27,65.177987,65.177987,65.177987,65.177987,65.177987,65.177987,65.177987,65.177987,65.177987,65.177987,65.177987,65.177987,65.177987,65.177987,65.177987,65.177987,65.177987,65.177987,66.076987,66.076987,66.076987,65.577987,65.177987,65.177987
302,2002-10-28,55.077987,55.077987,55.077987,55.077987,55.077987,59.577987,62.077987,62.077987,64.977987,65.027987,65.027987,65.027987,65.027987,64.977987,64.977987,64.977987,65.027987,65.077987,66.077987,66.077987,65.077987,65.077987,62.077987,59.577987
303,2002-10-29,60.577987,60.577987,60.577987,60.577987,60.577987,60.877987,61.077987,61.077987,61.077987,61.077987,61.077987,61.077987,61.077987,61.077987,61.077987,61.077987,61.077987,61.077987,63.077987,63.077987,62.027987,61.077987,60.877987,60.577987
304,2002-10-30,53.077987,48.078987,48.077987,48.078987,53.077987,54.077987,54.077987,54.577987,54.577987,56.077987,56.077987,57.836987,56.077987,54.577987,54.577987,54.577987,56.077987,59.077987,62.577987,62.577987,59.577987,57.836987,54.077987,54.077987
305,2002-10-31,48.077987,48.077987,48.077987,48.077987,48.077987,49.077987,53.836987,53.836987,54.077987,54.077987,54.077987,54.077987,54.077987,54.077987,54.077987,54.077987,54.077987,54.077987,58.077987,54.577987,54.077987,54.077987,53.077987,48.078987
306,2002-11-01,49.601904,49.102904,49.101904,49.101904,49.601904,55.001904,55.001904,55.001904,55.201904,55.201904,55.201904,55.201904,55.201904,55.201904,55.201904,55.201904,55.201904,55.201904,56.101904,56.101904,55.201904,55.201904,53.601904,49.601904
307,2002-11-02,50.274904,49.101904,49.101904,49.101904,49.101904,50.274904,50.274904,53.601904,54.101904,54.101904,54.101904,54.101904,54.101904,54.101904,53.601904,50.274904,50.274904,53.601904,54.101904,54.101904,54.101904,54.101904,54.101904,53.601904
308,2002-11-03,49.101904,49.101904,49.101904,49.101904,49.101904,49.101904,49.101904,49.101904,50.101904,50.101904,50.101904,50.101904,50.101904,50.101904,50.101904,49.101904,49.101904,50.101904,53.601904,53.601904,52.101904,52.101904,50.101904,49.101904
309,2002-11-04,49.001904,49.001904,49.001904,49.001904,49.001904,49.001904,49.001904,49.001904,49.101904,52.101904,52.101904,52.101904,52.101904,52.101904,49.101904,49.101904,49.101904,52.101904,52.701904,55.201904,52.701904,52.701904,49.101904,49.001904
310,2002-11-05,49.011904,49.011904,49.011904,49.011904,49.011904,49.011904,52.100904,52.100904,52.100904,52.100904,52.100904,52.100904,52.100904,52.100904,52.100904,52.100904,52.100904,52.100904,54.101904,54.101904,52.101904,52.100904,49.011904,49.011904
311,2002-11-06,49.011904,49.011904,49.011904,49.011904,49.011904,49.100904,49.100904,49.100904,49.421904,49.421904,53.901904,53.901904,49.421904,49.100904,49.421904,49.421904,53.901904,53.901904,54.101904,54.101904,54.101904,53.901904,49.100904,49.100904
312,2002-11-07,48.679904,47.601904,47.601904,47.601904,48.679904,53.701904,53.801904,53.801904,53.901904,53.901904,53.901904,53.901904,53.901904,53.901904,53.901904,53.901904,53.901904,55.101904,67.701904,55.101904,55.101904,53.901904,53.701904,48.901904
313,2002-11-08,47.601904,47.601904,47.174904,47.601904,48.801904,48.801904,48.801904,48.901904,48.901904,48.901904,48.901904,48.901904,48.901904,48.901904,48.901904,48.901904,48.901904,53.701904,54.601904,54.601904,53.701904,48.901904,48.801904,48.801904
314,2002-11-09,47.101904,47.101904,47.101904,47.101904,47.101904,47.151904,47.151904,47.151904,47.151904,48.901904,48.901904,47.151904,47.151904,47.151904,47.151904,47.151904,47.151904,47.151904,53.701904,53.701904,48.901904,47.151904,47.151904,47.151904
315,2002-11-10,47.151904,47.151904,47.151904,47.101904,47.151904,47.151904,47.151904,47.151904,47.151904,47.151904,47.151904,47.151904,47.151904,47.151904,47.151904,47.151904,47.151904,47.151904,51.101904,51.101904,51.101904,47.601904,47.151904,47.151904
316,2002-11-11,46.101904,46.101904,46.101904,46.101904,46.101904,46.101904,46.101904,47.101904,49.101904,49.101904,50.601904,50.601904,50.601904,50.601904,49.101904,49.101904,49.101904,50.601904,54.701904,54.701904,51.101904,50.601904,49.101904,47.101904
317,2002-11-12,45.601904,45.601904,45.601904,45.601904,45.601904,47.601904,47.601904,47.601904,47.601904,47.601904,47.601904,47.601904,47.601904,47.601904,47.601904,47.601904,47.601904,47.601904,53.101904,53.101904,50.601904,47.601904,47.601904,47.101904
318,2002-11-13,47.601904,47.601904,47.601904,47.601904,47.601904,47.851904,51.101904,52.801904,52.801904,52.801904,52.801904,52.801904,52.801904,51.101904,51.101904,51.101904,51.101904,52.801904,54.701904,53.101904,53.101904,52.801904,47.851904,47.851904
319,2002-11-14,47.801904,47.601904,47.601904,47.601904,47.801904,52.601904,52.951904,52.951904,52.951904,52.951904,52.951904,52.951904,52.951904,52.601904,52.601904,52.601904,52.601904,52.951904,66.101904,54.701904,54.101904,52.951904,52.601904,47.801904
320,2002-11-15,47.801904,47.801904,47.801904,47.801904,49.201904,49.201904,49.201904,49.201904,51.101904,52.601904,52.601904,52.601904,52.601904,51.101904,51.101904,49.201904,49.201904,52.601904,65.591904,54.101904,53.101904,66.101904,53.101904,52.601904
321,2002-11-16,52.301904,52.101904,52.101904,52.101904,52.301904,53.251904,53.251904,53.251904,53.251904,53.251904,54.101904,54.101904,54.101904,53.251904,53.251904,53.251904,53.251904,54.101904,64.101904,64.101904,54.101904,54.101904,53.251904,53.251904
322,2002-11-17,54.351904,54.101904,54.101904,54.101904,54.101904,54.101904,54.101904,54.351904,54.351904,54.351904,54.351904,54.351904,54.351904,54.351904,54.351904,54.101904,54.101904,54.351904,56.101904,56.101904,56.101904,54.351904,54.351904,54.101904
323,2002-11-18,52.101904,52.101904,52.101904,52.101904,53.601904,54.351904,54.351904,54.351904,54.351904,54.351904,54.351904,54.351904,54.351904,54.351904,54.351904,54.351904,54.351904,55.101904,59.101904,59.101904,59.101904,54.351904,54.351904,53.601904
324,2002-11-19,52.101904,51.101904,51.101904,51.101904,52.101904,53.001904,53.601904,53.601904,53.651904,53.651904,53.651904,54.351904,53.651904,53.651904,53.651904,53.651904,54.351904,54.351904,64.101904,59.101904,54.351904,54.351904,53.651904,53.001904
325,2002-11-20,53.626904,53.626904,52.401904,53.626904,53.626904,53.626904,53.701904,53.701904,53.701904,53.701904,53.701904,54.601904,53.701904,53.701904,53.701904,53.701904,53.701904,54.601904,59.101904,59.101904,59.101904,54.601904,53.701904,53.701904
326,2002-11-21,52.110904,52.110904,52.110904,52.110904,52.401904,52.501904,54.656904,54.656904,54.656904,54.656904,59.101904,59.101904,54.656904,54.656904,54.656904,54.656904,54.656904,59.101904,67.101904,61.101904,59.101904,59.101904,54.656904,52.401904
327,2002-11-22,51.001904,51.001904,51.001904,51.001904,51.001904,52.451904,52.451904,52.451904,52.451904,52.451904,52.451904,54.101904,54.101904,54.101904,54.101904,52.451904,54.101904,59.101904,82.001904,67.101904,59.101904,54.101904,52.451904,52.451904
328,2002-11-23,52.451904,52.451904,52.101904,52.451904,52.451904,52.451904,52.451904,52.451904,52.451904,53.101904,53.101904,53.101904,53.101904,53.101904,52.451904,52.451904,52.451904,53.101904,59.101904,59.101904,54.101904,53.101904,52.451904,52.451904
329,2002-11-24,53.201904,53.201904,52.101904,52.101904,52.101904,53.201904,53.201904,53.201904,53.201904,53.201904,53.201904,53.201904,53.201904,53.201904,53.201904,53.201904,53.201904,53.201904,59.101904,59.101904,59.101904,54.101904,53.201904,53.201904
330,2002-11-25,50.701904,50.701904,50.701904,50.701904,50.701904,50.701904,50.701904,50.801904,50.801904,52.101904,52.101904,59.101904,52.101904,52.101904,52.101904,52.101904,52.101904,59.101904,68.101904,68.101904,66.091904,52.101904,50.701904,50.701904
331,2002-11-26,50.502904,50.502904,50.502904,50.502904,50.502904,50.701904,54.101904,54.101904,59.101904,59.101904,59.101904,61.101904,59.101904,54.101904,59.101904,59.101904,59.101904,65.101904,68.001904,68.001904,68.001904,65.101904,54.101904,50.502904
332,2002-11-27,50.501904,50.501904,50.501904,50.501904,50.501904,50.501904,50.501904,50.501904,59.101904,59.101904,60.202904,60.202904,59.101904,59.101904,59.101904,59.101904,59.101904,60.202904,65.101904,65.101904,61.101904,60.202904,50.701904,50.501904
333,2002-11-28,54.101904,54.101904,54.101904,54.101904,54.101904,54.101904,61.201904,61.201904,61.201904,61.201904,61.201904,61.201904,61.201904,61.201904,61.201904,61.201904,61.201904,61.201904,65.101904,64.101904,61.201904,61.201904,61.101904,54.101904
334,2002-11-29,54.201904,54.201904,54.201904,54.201904,54.201904,54.201904,56.001904,56.001904,56.001904,56.001904,56.001904,57.101904,56.001904,56.001904,56.001904,56.001904,56.001904,57.101904,64.101904,59.101904,59.101904,57.101904,56.001904,54.201904
335,2002-11-30,59.100904,59.100904,59.100904,59.100904,59.100904,59.100904,59.101904,59.601904,60.101904,60.101904,60.101904,60.101904,60.101904,60.101904,59.601904,59.601904,59.601904,60.101904,62.101904,62.101904,60.101904,60.101904,59.601904,59.100904
336,2002-12-01,62.051491,62.051491,62.051491,62.051491,62.051491,62.051491,62.051491,62.051491,62.051491,62.051491,62.051491,62.051491,62.051491,62.051491,62.051491,62.051491,62.051491,62.051491,68.041491,69.051491,68.041491,65.051491,63.551491,62.051491
337,2002-12-02,62.051491,62.051491,62.051491,62.051491,62.051491,62.051491,63.051491,63.151491,63.251491,63.251491,63.251491,69.041491,63.251491,63.251491,63.251491,63.151491,63.251491,69.051491,72.551491,72.551491,69.051491,69.051491,63.151491,63.051491
338,2002-12-03,63.051491,63.051491,63.051491,63.051491,63.201491,63.201491,63.201491,63.201491,63.251491,65.051491,65.051491,65.051491,65.051491,63.251491,63.251491,63.251491,63.251491,65.051491,66.051491,65.051491,65.051491,65.051491,63.201491,63.201491
339,2002-12-04,63.151491,63.051491,63.051491,63.051491,63.151491,63.451491,63.451491,65.051491,65.061491,65.061491,66.051491,66.551491,66.051491,65.061491,65.061491,65.061491,65.061491,66.551491,69.541491,68.951491,66.551491,66.551491,65.051491,63.151491
340,2002-12-05,65.051491,65.051491,65.051491,65.051491,65.051491,66.071491,66.551491,66.551491,66.551491,66.551491,66.551491,66.551491,66.551491,66.551491,66.551491,66.551491,66.551491,66.851491,72.551491,72.551491,66.851491,66.851491,66.551491,66.061491
341,2002-12-06,66.551491,66.551491,66.551491,66.551491,66.551491,67.051491,68.051491,68.051491,68.051491,68.051491,68.051491,69.541491,68.051491,67.051491,67.051491,67.051491,68.051491,68.051491,73.051491,73.051491,69.541491,72.551491,68.051491,67.051491
342,2002-12-07,67.051491,66.951491,66.951491,66.951491,66.951491,67.051491,67.051491,67.051491,67.051491,67.051491,67.051491,67.051491,67.051491,67.051491,67.051491,67.051491,67.051491,67.051491,71.051491,71.051491,71.051491,67.951491,67.051491,67.051491
343,2002-12-08,67.451491,67.051491,67.051491,67.051491,67.051491,67.051491,67.051491,67.051491,67.451491,67.451491,67.451491,67.451491,67.451491,67.451491,67.051491,67.051491,67.051491,67.451491,71.051491,71.051491,71.051491,67.951491,67.451491,67.051491
344,2002-12-09,66.051491,66.051491,64.051491,66.051491,66.051491,66.651491,66.651491,66.651491,67.951491,67.951491,70.051491,70.051491,70.051491,70.051491,70.051491,70.051491,70.051491,70.051491,72.551491,72.551491,71.151491,71.051491,67.951491,66.651491
345,2002-12-10,66.051491,66.051491,66.051491,66.051491,66.051491,66.651491,66.651491,68.551491,68.551491,68.551491,69.051491,69.051491,69.051491,68.551491,68.551491,68.551491,68.551491,69.051491,72.451491,72.451491,72.451491,69.051491,66.651491,66.651491
346,2002-12-11,65.051491,65.051491,65.051491,65.051491,65.051491,66.051491,66.051491,66.051491,66.251491,66.251491,66.251491,66.651491,66.251491,66.251491,66.251491,66.251491,66.251491,66.251491,70.051491,70.051491,66.651491,66.651491,66.251491,66.051491
347,2002-12-12,64.951491,63.051491,63.051491,63.051491,64.951491,65.051491,66.051491,66.051491,66.051491,66.051491,66.051491,66.151491,66.051491,66.051491,66.051491,66.051491,66.051491,66.151491,69.051491,69.051491,69.051491,69.051491,66.051491,66.051491
348,2002-12-13,66.051491,65.151491,65.151491,65.151491,65.151491,66.051491,66.151491,66.151491,69.051491,69.051491,69.051491,69.051491,69.051491,67.051491,69.051491,69.051491,69.051491,69.051491,69.951491,69.951491,69.951491,69.051491,69.051491,66.051491
349,2002-12-14,65.151491,65.151491,65.151491,65.151491,65.151491,65.151491,65.151491,65.151491,66.051491,66.051491,66.051491,66.051491,66.051491,65.151491,65.151491,65.151491,65.151491,66.051491,68.051491,69.041491,68.051491,66.061491,66.051491,65.151491
350,2002-12-15,66.051491,65.151491,65.151491,65.151491,65.151491,65.151491,65.151491,66.051491,66.051491,66.051491,66.051491,66.051491,66.051491,66.051491,66.051491,66.051491,66.051491,66.051491,68.051491,69.041491,68.051491,67.551491,66.051491,65.151491
351,2002-12-16,63.051491,63.051491,63.051491,63.051491,63.051491,65.051491,65.551491,65.851491,66.051491,66.051491,66.051491,66.051491,66.051491,66.051491,66.051491,66.051491,66.051491,66.151491,69.041491,69.041491,66.151491,66.151491,66.051491,65.551491
352,2002-12-17,60.951491,60.951491,58.051491,60.951491,60.951491,61.051491,62.951491,62.951491,63.051491,63.051491,63.051491,63.051491,63.051491,63.051491,63.051491,63.051491,63.051491,63.051491,65.151491,65.151491,65.151491,63.051491,63.051491,61.051491
353,2002-12-18,62.751491,62.751491,61.051491,62.751491,62.751491,62.851491,62.901491,62.901491,62.901491,63.051491,63.051491,63.051491,62.911491,62.911491,63.051491,62.901491,62.901491,63.051491,65.551491,65.551491,65.551491,63.051491,62.911491,62.901491
354,2002-12-19,60.951491,59.051491,58.051491,59.051491,60.951491,61.051491,61.051491,61.151491,61.551491,61.551491,61.551491,62.451491,61.551491,61.551491,61.551491,61.551491,61.551491,62.451491,63.356491,63.356491,62.851491,62.451491,61.551491,61.151491
355,2002-12-20,62.451491,62.451491,61.551491,62.451491,62.451491,62.451491,62.451491,65.051491,65.051491,65.051491,65.051491,65.051491,65.051491,65.051491,65.051491,65.051491,65.051491,65.051491,65.551491,65.551491,65.251491,65.051491,65.051491,62.451491
356,2002-12-21,62.551491,62.151491,62.151491,62.151491,62.151491,62.551491,62.551491,62.551491,62.551491,62.551491,62.551491,63.551491,62.551491,62.551491,62.551491,62.551491,62.551491,62.551491,65.251491,65.551491,65.251491,63.551491,63.551491,62.551491
357,2002-12-22,62.501491,62.451491,62.451491,62.451491,62.451491,62.501491,62.451491,62.501491,62.501491,62.501491,62.551491,62.551491,62.551491,62.551491,62.501491,62.501491,62.501491,62.551491,63.551491,63.551491,63.551491,62.601491,62.551491,62.551491
358,2002-12-23,60.951491,60.951491,58.051491,58.051491,60.951491,60.951491,62.451491,62.501491,62.551491,62.551491,62.551491,62.551491,62.551491,62.551491,62.551491,62.551491,62.551491,62.551491,63.551491,63.551491,63.551491,62.601491,62.551491,62.501491
359,2002-12-24,62.451491,62.451491,62.451491,62.451491,62.451491,62.451491,62.451491,62.451491,62.451491,62.451491,62.451491,62.451491,62.451491,62.451491,62.451491,62.451491,62.451491,62.451491,62.601491,62.601491,62.551491,62.541491,62.541491,62.451491
360,2002-12-25,62.351491,62.051491,62.051491,61.046491,61.046491,61.046491,61.046491,61.046491,61.046491,61.046491,61.046491,61.046491,61.046491,61.046491,61.046491,61.046491,61.046491,61.046491,63.051491,63.051491,63.051491,62.351491,62.051491,61.046491
361,2002-12-26,59.051491,59.051491,59.051491,59.051491,59.051491,60.851491,60.901491,60.901491,60.951491,61.851491,61.851491,61.851491,61.851491,61.851491,61.851491,61.851491,60.951491,61.851491,62.051491,62.051491,62.051491,61.851491,61.851491,60.901491
362,2002-12-27,60.901491,60.901491,60.901491,60.901491,60.901491,60.951491,60.951491,61.051491,61.051491,61.051491,61.051491,61.051491,61.051491,61.051491,61.051491,61.051491,61.051491,61.051491,61.551491,62.601491,61.551491,61.551491,61.051491,60.951491
363,2002-12-28,60.851491,60.751491,60.751491,60.751491,60.851491,60.851491,60.851491,60.851491,61.041491,61.041491,61.041491,61.041491,61.041491,61.041491,61.041491,61.041491,61.041491,61.041491,61.051491,61.051491,61.051491,61.051491,61.041491,61.041491
364,2002-12-29,60.851491,60.451491,60.451491,60.451491,60.451491,60.451491,60.451491,60.851491,60.851491,60.851491,60.851491,61.051491,60.851491,60.851491,60.851491,60.851491,60.851491,60.851491,61.051491,61.101491,61.051491,61.051491,61.051491,60.851491
365,2002-12-30,57.051491,57.051491,57.051491,57.051491,57.051491,58.951491,59.001491,59.001491,59.051491,59.051491,59.051491,59.051491,59.051491,59.051491,59.051491,59.051491,59.051491,59.051491,61.051491,61.601491,61.051491,61.051491,61.051491,59.001491
366,2002-12-31,58.051491,58.051491,55.851491,55.851491,58.051491,58.051491,58.051491,58.961491,58.961491,58.961491,58.961491,58.961491,58.961491,58.961491,58.961491,58.961491,58.961491,58.961491,63.051491,63.051491,63.051491,63.051491,63.051491,58.961491
